"gemeente","dwel_type","class_2","class_1","class_3"
"Aa en Hunze","appartement",2300,1840,2760
"Aalburg","appartement",2450,1960,2940
"Aalsmeer","appartement",2300,1840,2760
"Aalten","appartement",2100,1680,2520
"Achtkarspelen","appartement",2100,1680,2520
"Alblasserdam","appartement",2100,1680,2520
"Albrandswaard","appartement",2450,1960,2940
"Alkmaar","appartement",2100,1680,2520
"Almelo","appartement",2200,1760,2640
"Almere","appartement",2350,1880,2820
"Alphen aan den Rijn","appartement",2300,1840,2760
"Alphen-Chaam","appartement",2150,1720,2580
"Ameland","appartement",2150,1720,2580
"Amersfoort","appartement",2250,1800,2700
"Amstelveen","appartement",2250,1800,2700
"Amsterdam","appartement",2150,1720,2580
"Apeldoorn","appartement",2250,1800,2700
"Appingedam","appartement",2000,1600,2400
"Arnhem","appartement",2250,1800,2700
"Assen","appartement",1950,1560,2340
"Asten","appartement",2550,2040,3060
"Baarle-Nassau","appartement",2550,2040,3060
"Baarn","appartement",2300,1840,2760
"Barendrecht","appartement",2550,2040,3060
"Barneveld","appartement",2300,1840,2760
"Bedum","appartement",2050,1640,2460
"Beek (L.)","appartement",2100,1680,2520
"Beemster","appartement",1800,1440,2160
"Beesel","appartement",2500,2000,3000
"Bellingwedde","appartement",1950,1560,2340
"Bergambacht","appartement",2100,1680,2520
"Bergeijk","appartement",2400,1920,2880
"Bergen (L.)","appartement",2350,1880,2820
"Bergen (NH.)","appartement",2050,1640,2460
"Bergen op Zoom","appartement",2400,1920,2880
"Berkelland","appartement",2200,1760,2640
"Bernheze","appartement",2350,1880,2820
"Bernisse","appartement",2100,1680,2520
"Best","appartement",2250,1800,2700
"Beuningen","appartement",2300,1840,2760
"Beverwijk","appartement",2150,1720,2580
"het Bildt","appartement",1550,1240,1860
"De Bilt","appartement",2450,1960,2940
"Binnenmaas","appartement",2300,1840,2760
"Bladel","appartement",2550,2040,3060
"Blaricum","appartement",2900,2320,3480
"Bloemendaal","appartement",2250,1800,2700
"Boarnsterhim","appartement",1800,1440,2160
"Bodegraven-Reeuwijk","appartement",2100,1680,2520
"Boekel","appartement",2350,1880,2820
"Ten Boer","appartement",1950,1560,2340
"Borger-Odoorn","appartement",2200,1760,2640
"Borne","appartement",2200,1760,2640
"Borsele","appartement",2000,1600,2400
"Boskoop","appartement",2300,1840,2760
"Boxmeer","appartement",2200,1760,2640
"Boxtel","appartement",2200,1760,2640
"Breda","appartement",2300,1840,2760
"Brielle","appartement",2500,2000,3000
"Bronckhorst","appartement",2450,1960,2940
"Brummen","appartement",2500,2000,3000
"Brunssum","appartement",2200,1760,2640
"Bunnik","appartement",2050,1640,2460
"Bunschoten","appartement",2350,1880,2820
"Buren","appartement",2500,2000,3000
"Bussum","appartement",2200,1760,2640
"Capelle aan den IJssel","appartement",2450,1960,2940
"Castricum","appartement",1950,1560,2340
"Coevorden","appartement",2000,1600,2400
"Cranendonck","appartement",2400,1920,2880
"Cromstrijen","appartement",2600,2080,3120
"Cuijk","appartement",2150,1720,2580
"Culemborg","appartement",2200,1760,2640
"Dalfsen","appartement",2100,1680,2520
"Dantumadiel","appartement",1850,1480,2220
"Delft","appartement",2300,1840,2760
"Delfzijl","appartement",1950,1560,2340
"Deurne","appartement",2400,1920,2880
"Deventer","appartement",2300,1840,2760
"Diemen","appartement",2550,2040,3060
"Dinkelland","appartement",2300,1840,2760
"Dirksland","appartement",2050,1640,2460
"Doesburg","appartement",2250,1800,2700
"Doetinchem","appartement",2050,1640,2460
"Dongen","appartement",2450,1960,2940
"Dongeradeel","appartement",1950,1560,2340
"Dordrecht","appartement",2200,1760,2640
"Drechterland","appartement",2150,1720,2580
"Drimmelen","appartement",2300,1840,2760
"Dronten","appartement",2450,1960,2940
"Druten","appartement",2200,1760,2640
"Duiven","appartement",2050,1640,2460
"Echt-Susteren","appartement",2250,1800,2700
"Edam-Volendam","appartement",2300,1840,2760
"Ede","appartement",2200,1760,2640
"Eemnes","appartement",2350,1880,2820
"Eemsmond","appartement",1800,1440,2160
"Eersel","appartement",2350,1880,2820
"Eijsden-Margraten","appartement",2500,2000,3000
"Eindhoven","appartement",2100,1680,2520
"Elburg","appartement",2350,1880,2820
"Emmen","appartement",2250,1800,2700
"Enkhuizen","appartement",2150,1720,2580
"Enschede","appartement",2250,1800,2700
"Epe","appartement",2450,1960,2940
"Ermelo","appartement",2150,1720,2580
"Etten-Leur","appartement",2350,1880,2820
"Ferwerderadiel","appartement",2550,2040,3060
"Franekeradeel","appartement",1800,1440,2160
"Gaasterlan-Sleat","appartement",1750,1400,2100
"Geertruidenberg","appartement",2300,1840,2760
"Geldermalsen","appartement",2300,1840,2760
"Geldrop-Mierlo","appartement",2150,1720,2580
"Gemert-Bakel","appartement",2300,1840,2760
"Gennep","appartement",2600,2080,3120
"Giessenlanden","appartement",2150,1720,2580
"Gilze en Rijen","appartement",2300,1840,2760
"Goedereede","appartement",2400,1920,2880
"Goes","appartement",1950,1560,2340
"Goirle","appartement",2900,2320,3480
"Gorinchem","appartement",2250,1800,2700
"Gouda","appartement",2150,1720,2580
"Graafstroom","appartement",1850,1480,2220
"Graft-De Rijp","appartement",2650,2120,3180
"Grave","appartement",2350,1880,2820
"'s-Gravenhage (gemeente)","appartement",2300,1840,2760
"Groesbeek","appartement",2150,1720,2580
"Groningen (gemeente)","appartement",2100,1680,2520
"Grootegast","appartement",2000,1600,2400
"Gulpen-Wittem","appartement",2200,1760,2640
"Haaksbergen","appartement",2150,1720,2580
"Haaren","appartement",2200,1760,2640
"Haarlem","appartement",2200,1760,2640
"Haarlemmerliede en Spaarnwoude","appartement",2350,1880,2820
"Haarlemmermeer","appartement",2250,1800,2700
"Halderberge","appartement",2100,1680,2520
"Hardenberg","appartement",2400,1920,2880
"Harderwijk","appartement",2300,1840,2760
"Hardinxveld-Giessendam","appartement",2100,1680,2520
"Haren","appartement",2150,1720,2580
"Harenkarspel","appartement",1900,1520,2280
"Harlingen","appartement",2050,1640,2460
"Hattem","appartement",2100,1680,2520
"Heemskerk","appartement",2150,1720,2580
"Heemstede","appartement",2300,1840,2760
"Heerde","appartement",2150,1720,2580
"Heerenveen","appartement",1950,1560,2340
"Heerhugowaard","appartement",2050,1640,2460
"Heerlen","appartement",2150,1720,2580
"Heeze-Leende","appartement",2250,1800,2700
"Heiloo","appartement",2150,1720,2580
"Den Helder","appartement",2000,1600,2400
"Hellendoorn","appartement",2250,1800,2700
"Hellevoetsluis","appartement",2500,2000,3000
"Helmond","appartement",2300,1840,2760
"Hendrik-Ido-Ambacht","appartement",2100,1680,2520
"Hengelo (O.)","appartement",2350,1880,2820
"'s-Hertogenbosch","appartement",2350,1880,2820
"Heumen","appartement",2550,2040,3060
"Heusden","appartement",2300,1840,2760
"Hillegom","appartement",2200,1760,2640
"Hilvarenbeek","appartement",2750,2200,3300
"Hilversum","appartement",2150,1720,2580
"Hof van Twente","appartement",2350,1880,2820
"Hollands Kroon","appartement",2100,1680,2520
"Hoogeveen","appartement",2000,1600,2400
"Hoogezand-Sappemeer","appartement",2050,1640,2460
"Hoorn","appartement",2150,1720,2580
"Horst aan de Maas","appartement",2350,1880,2820
"Houten","appartement",2350,1880,2820
"Huizen","appartement",2300,1840,2760
"Hulst","appartement",2200,1760,2640
"IJsselstein","appartement",2600,2080,3120
"Kaag en Braassem","appartement",2300,1840,2760
"Kampen","appartement",2150,1720,2580
"Kapelle","appartement",2050,1640,2460
"Katwijk","appartement",2300,1840,2760
"Kerkrade","appartement",2300,1840,2760
"Koggenland","appartement",2250,1800,2700
"Kollumerland en Nieuwkruisland","appartement",2000,1600,2400
"Korendijk","appartement",2900,2320,3480
"Krimpen aan den IJssel","appartement",2300,1840,2760
"Laarbeek","appartement",2250,1800,2700
"Landerd","appartement",2450,1960,2940
"Landgraaf","appartement",2150,1720,2580
"Landsmeer","appartement",2300,1840,2760
"Langedijk","appartement",2250,1800,2700
"Lansingerland","appartement",2300,1840,2760
"Laren (NH.)","appartement",2350,1880,2820
"Leek","appartement",2100,1680,2520
"Leerdam","appartement",2050,1640,2460
"Leeuwarden","appartement",1850,1480,2220
"Leeuwarderadeel","appartement",1900,1520,2280
"Leiden","appartement",2200,1760,2640
"Leiderdorp","appartement",2450,1960,2940
"Leidschendam-Voorburg","appartement",2150,1720,2580
"Lelystad","appartement",2150,1720,2580
"Lemsterland","appartement",2300,1840,2760
"Leudal","appartement",2100,1680,2520
"Leusden","appartement",2300,1840,2760
"Liesveld","appartement",2000,1600,2400
"Lingewaal","appartement",2250,1800,2700
"Lingewaard","appartement",2300,1840,2760
"Lisse","appartement",2250,1800,2700
"Littenseradiel","appartement",2150,1720,2580
"Lochem","appartement",2250,1800,2700
"Loon op Zand","appartement",2200,1760,2640
"Lopik","appartement",2450,1960,2940
"Loppersum","appartement",1750,1400,2100
"Losser","appartement",2300,1840,2760
"Maasdonk","appartement",2650,2120,3180
"Maasdriel","appartement",2650,2120,3180
"Maasgouw","appartement",2300,1840,2760
"Maassluis","appartement",2300,1840,2760
"Maastricht","appartement",2200,1760,2640
"De Marne","appartement",1800,1440,2160
"Marum","appartement",2000,1600,2400
"Medemblik","appartement",2100,1680,2520
"Meerssen","appartement",2250,1800,2700
"Menameradiel","appartement",1700,1360,2040
"Menterwolde","appartement",2050,1640,2460
"Meppel","appartement",2100,1680,2520
"Middelburg (Z.)","appartement",2000,1600,2400
"Middelharnis","appartement",2150,1720,2580
"Midden-Delfland","appartement",2300,1840,2760
"Midden-Drenthe","appartement",2100,1680,2520
"Mill en Sint Hubert","appartement",2050,1640,2460
"Millingen aan de Rijn","appartement",2150,1720,2580
"Moerdijk","appartement",2350,1880,2820
"Montferland","appartement",2200,1760,2640
"Montfoort","appartement",2350,1880,2820
"Mook en Middelaar","appartement",2300,1840,2760
"Muiden","appartement",2550,2040,3060
"Naarden","appartement",2000,1600,2400
"Neder-Betuwe","appartement",2450,1960,2940
"Nederlek","appartement",2150,1720,2580
"Nederweert","appartement",2250,1800,2700
"Neerijnen","appartement",2900,2320,3480
"Nieuwegein","appartement",2400,1920,2880
"Nieuwkoop","appartement",2300,1840,2760
"Nieuw-Lekkerland","appartement",2050,1640,2460
"Nijkerk","appartement",2100,1680,2520
"Nijmegen","appartement",2100,1680,2520
"Noord-Beveland","appartement",1900,1520,2280
"Noordenveld","appartement",2150,1720,2580
"Noordoostpolder","appartement",1950,1560,2340
"Noordwijk","appartement",2050,1640,2460
"Noordwijkerhout","appartement",2400,1920,2880
"Nuenen, Gerwen en Nederwetten","appartement",2200,1760,2640
"Nunspeet","appartement",2100,1680,2520
"Nuth","appartement",2450,1960,2940
"Oegstgeest","appartement",2200,1760,2640
"Oirschot","appartement",2250,1800,2700
"Oisterwijk","appartement",2450,1960,2940
"Oldambt","appartement",2000,1600,2400
"Oldebroek","appartement",2300,1840,2760
"Oldenzaal","appartement",2300,1840,2760
"Olst-Wijhe","appartement",2200,1760,2640
"Ommen","appartement",2100,1680,2520
"Onderbanken","appartement",2300,1840,2760
"Oost Gelre","appartement",2350,1880,2820
"Oosterhout","appartement",2550,2040,3060
"Oostflakkee","appartement",2150,1720,2580
"Ooststellingwerf","appartement",2000,1600,2400
"Oostzaan","appartement",2000,1600,2400
"Opmeer","appartement",2000,1600,2400
"Opsterland","appartement",1850,1480,2220
"Oss","appartement",2200,1760,2640
"Oud-Beijerland","appartement",2300,1840,2760
"Oude IJsselstreek","appartement",2100,1680,2520
"Ouder-Amstel","appartement",2300,1840,2760
"Ouderkerk","appartement",2100,1680,2520
"Oudewater","appartement",2350,1880,2820
"Overbetuwe","appartement",2300,1840,2760
"Papendrecht","appartement",2200,1760,2640
"Peel en Maas","appartement",2300,1840,2760
"Pekela","appartement",2150,1720,2580
"Pijnacker-Nootdorp","appartement",2350,1880,2820
"Purmerend","appartement",2150,1720,2580
"Putten","appartement",2050,1640,2460
"Raalte","appartement",2150,1720,2580
"Reimerswaal","appartement",2050,1640,2460
"Renkum","appartement",2100,1680,2520
"Renswoude","appartement",2400,1920,2880
"Reusel-De Mierden","appartement",2650,2120,3180
"Rheden","appartement",2150,1720,2580
"Rhenen","appartement",2450,1960,2940
"Ridderkerk","appartement",2500,2000,3000
"Rijnwaarden","appartement",2050,1640,2460
"Rijnwoude","appartement",2100,1680,2520
"Rijssen-Holten","appartement",2150,1720,2580
"Rijswijk (ZH.)","appartement",2300,1840,2760
"Roerdalen","appartement",2150,1720,2580
"Roermond","appartement",2200,1760,2640
"De Ronde Venen","appartement",2450,1960,2940
"Roosendaal","appartement",2200,1760,2640
"Rotterdam","appartement",2250,1800,2700
"Rozendaal","appartement",2230,1780,2680
"Rucphen","appartement",2400,1920,2880
"Schagen","appartement",2200,1760,2640
"Schermer","appartement",2150,1720,2580
"Scherpenzeel","appartement",2200,1760,2640
"Schiedam","appartement",2350,1880,2820
"Schiermonnikoog","appartement",2230,1790,2680
"Schijndel","appartement",2400,1920,2880
"Schinnen","appartement",2350,1880,2820
"Schoonhoven","appartement",2250,1800,2700
"Schouwen-Duiveland","appartement",2300,1840,2760
"Simpelveld","appartement",2300,1840,2760
"Sint Anthonis","appartement",2250,1800,2700
"Sint-Michielsgestel","appartement",2300,1840,2760
"Sint-Oedenrode","appartement",2550,2040,3060
"Sittard-Geleen","appartement",2200,1760,2640
"Skarsterlân","appartement",2000,1600,2400
"Sliedrecht","appartement",2050,1640,2460
"Slochteren","appartement",2100,1680,2520
"Sluis","appartement",2400,1920,2880
"Smallingerland","appartement",1900,1520,2280
"Soest","appartement",2350,1880,2820
"Someren","appartement",2300,1840,2760
"Son en Breugel","appartement",2500,2000,3000
"Spijkenisse","appartement",2450,1960,2940
"Stadskanaal","appartement",2000,1600,2400
"Staphorst","appartement",2700,2160,3240
"Stede Broec","appartement",2150,1720,2580
"Steenbergen","appartement",2200,1760,2640
"Steenwijkerland","appartement",2000,1600,2400
"Stein (L.)","appartement",2100,1680,2520
"Stichtse Vecht","appartement",2300,1840,2760
"Strijen","appartement",1850,1480,2220
"Sudwest-Fryslan","appartement",1850,1480,2220
"Terneuzen","appartement",2350,1880,2820
"Terschelling","appartement",2700,2160,3240
"Texel","appartement",2200,1760,2640
"Teylingen","appartement",2300,1840,2760
"Tholen","appartement",2150,1720,2580
"Tiel","appartement",2250,1800,2700
"Tilburg","appartement",2150,1720,2580
"Tubbergen","appartement",2200,1760,2640
"Twenterand","appartement",2200,1760,2640
"Tynaarlo","appartement",2200,1760,2640
"Tytsjerksteradiel","appartement",1850,1480,2220
"Ubbergen","appartement",2750,2200,3300
"Uden","appartement",2500,2000,3000
"Uitgeest","appartement",2000,1600,2400
"Uithoorn","appartement",2250,1800,2700
"Urk","appartement",2350,1880,2820
"Utrecht (gemeente)","appartement",2150,1720,2580
"Utrechtse Heuvelrug","appartement",2300,1840,2760
"Vaals","appartement",2450,1960,2940
"Valkenburg aan de Geul","appartement",2250,1800,2700
"Valkenswaard","appartement",2300,1840,2760
"Veendam","appartement",2150,1720,2580
"Veenendaal","appartement",2500,2000,3000
"Veere","appartement",2000,1600,2400
"Veghel","appartement",2350,1880,2820
"Veldhoven","appartement",2250,1800,2700
"Velsen","appartement",2050,1640,2460
"Venlo","appartement",2100,1680,2520
"Venray","appartement",2200,1760,2640
"Vianen","appartement",2300,1840,2760
"Vlaardingen","appartement",2300,1840,2760
"Vlagtwedde","appartement",2250,1800,2700
"Vlieland","appartement",1700,1360,2040
"Vlissingen","appartement",2050,1640,2460
"Vlist","appartement",2000,1600,2400
"Voerendaal","appartement",2650,2120,3180
"Voorschoten","appartement",2300,1840,2760
"Voorst","appartement",2150,1720,2580
"Vught","appartement",2250,1800,2700
"Waalre","appartement",2200,1760,2640
"Waalwijk","appartement",2300,1840,2760
"Waddinxveen","appartement",2400,1920,2880
"Wageningen","appartement",2300,1840,2760
"Wassenaar","appartement",2250,1800,2700
"Waterland","appartement",2100,1680,2520
"Weert","appartement",2100,1680,2520
"Weesp","appartement",2400,1920,2880
"Werkendam","appartement",2550,2040,3060
"West Maas en Waal","appartement",2250,1800,2700
"Westerveld","appartement",2200,1760,2640
"Westervoort","appartement",2050,1640,2460
"Westland","appartement",2200,1760,2640
"Weststellingwerf","appartement",1800,1440,2160
"Westvoorne","appartement",2050,1640,2460
"Wierden","appartement",2400,1920,2880
"Wijchen","appartement",2450,1960,2940
"Wijdemeren","appartement",2250,1800,2700
"Wijk bij Duurstede","appartement",2650,2120,3180
"Winsum","appartement",2050,1640,2460
"Winterswijk","appartement",2350,1880,2820
"Woensdrecht","appartement",2150,1720,2580
"Woerden","appartement",2150,1720,2580
"De Wolden","appartement",2400,1920,2880
"Wormerland","appartement",2050,1640,2460
"Woudenberg","appartement",2250,1800,2700
"Woudrichem","appartement",2500,2000,3000
"Zaanstad","appartement",2100,1680,2520
"Zaltbommel","appartement",2500,2000,3000
"Zandvoort","appartement",2250,1800,2700
"Zederik","appartement",2100,1680,2520
"Zeevang","appartement",2400,1920,2880
"Zeewolde","appartement",2300,1840,2760
"Zeist","appartement",2400,1920,2880
"Zevenaar","appartement",2450,1960,2940
"Zijpe","appartement",2650,2120,3180
"Zoetermeer","appartement",2500,2000,3000
"Zoeterwoude","appartement",2500,2000,3000
"Zuidhorn","appartement",2250,1800,2700
"Zuidplas","appartement",2500,2000,3000
"Zundert","appartement",2100,1680,2520
"Zutphen","appartement",2150,1720,2580
"Zwartewaterland","appartement",2250,1800,2700
"Zwijndrecht","appartement",2250,1800,2700
"Zwolle","appartement",2200,1760,2640
"Aa en Hunze","tussenwoning",2600,2080,3120
"Aalburg","tussenwoning",3450,2760,4140
"Aalsmeer","tussenwoning",3550,2840,4260
"Aalten","tussenwoning",2900,2320,3480
"Achtkarspelen","tussenwoning",2450,1960,2940
"Alblasserdam","tussenwoning",3200,2560,3840
"Albrandswaard","tussenwoning",3300,2640,3960
"Alkmaar","tussenwoning",3100,2480,3720
"Almelo","tussenwoning",3150,2520,3780
"Almere","tussenwoning",3650,2920,4380
"Alphen aan den Rijn","tussenwoning",3550,2840,4260
"Alphen-Chaam","tussenwoning",3450,2760,4140
"Ameland","tussenwoning",2250,1800,2700
"Amersfoort","tussenwoning",3250,2600,3900
"Amstelveen","tussenwoning",3550,2840,4260
"Amsterdam","tussenwoning",2750,2200,3300
"Apeldoorn","tussenwoning",3250,2600,3900
"Appingedam","tussenwoning",2700,2160,3240
"Arnhem","tussenwoning",3050,2440,3660
"Assen","tussenwoning",3000,2400,3600
"Asten","tussenwoning",3450,2760,4140
"Baarle-Nassau","tussenwoning",3400,2720,4080
"Baarn","tussenwoning",3100,2480,3720
"Barendrecht","tussenwoning",3600,2880,4320
"Barneveld","tussenwoning",3250,2600,3900
"Bedum","tussenwoning",2900,2320,3480
"Beek (L.)","tussenwoning",3500,2800,4200
"Beemster","tussenwoning",3150,2520,3780
"Beesel","tussenwoning",3300,2640,3960
"Bellingwedde","tussenwoning",2400,1920,2880
"Bergambacht","tussenwoning",3200,2560,3840
"Bergeijk","tussenwoning",3400,2720,4080
"Bergen (L.)","tussenwoning",3400,2720,4080
"Bergen (NH.)","tussenwoning",3150,2520,3780
"Bergen op Zoom","tussenwoning",3300,2640,3960
"Berkelland","tussenwoning",2850,2280,3420
"Bernheze","tussenwoning",3500,2800,4200
"Bernisse","tussenwoning",3450,2760,4140
"Best","tussenwoning",3750,3000,4500
"Beuningen","tussenwoning",3400,2720,4080
"Beverwijk","tussenwoning",3250,2600,3900
"het Bildt","tussenwoning",2350,1880,2820
"De Bilt","tussenwoning",3250,2600,3900
"Binnenmaas","tussenwoning",3250,2600,3900
"Bladel","tussenwoning",3300,2640,3960
"Blaricum","tussenwoning",3250,2600,3900
"Bloemendaal","tussenwoning",3400,2720,4080
"Boarnsterhim","tussenwoning",2550,2040,3060
"Bodegraven-Reeuwijk","tussenwoning",3350,2680,4020
"Boekel","tussenwoning",3350,2680,4020
"Ten Boer","tussenwoning",2950,2360,3540
"Borger-Odoorn","tussenwoning",2800,2240,3360
"Borne","tussenwoning",3350,2680,4020
"Borsele","tussenwoning",2850,2280,3420
"Boskoop","tussenwoning",3200,2560,3840
"Boxmeer","tussenwoning",3250,2600,3900
"Boxtel","tussenwoning",3400,2720,4080
"Breda","tussenwoning",3400,2720,4080
"Brielle","tussenwoning",3450,2760,4140
"Bronckhorst","tussenwoning",3050,2440,3660
"Brummen","tussenwoning",2800,2240,3360
"Brunssum","tussenwoning",3300,2640,3960
"Bunnik","tussenwoning",3500,2800,4200
"Bunschoten","tussenwoning",3800,3040,4560
"Buren","tussenwoning",3250,2600,3900
"Bussum","tussenwoning",3100,2480,3720
"Capelle aan den IJssel","tussenwoning",3650,2920,4380
"Castricum","tussenwoning",3350,2680,4020
"Coevorden","tussenwoning",2900,2320,3480
"Cranendonck","tussenwoning",3350,2680,4020
"Cromstrijen","tussenwoning",3150,2520,3780
"Cuijk","tussenwoning",3200,2560,3840
"Culemborg","tussenwoning",3150,2520,3780
"Dalfsen","tussenwoning",3000,2400,3600
"Dantumadiel","tussenwoning",2300,1840,2760
"Delft","tussenwoning",3150,2520,3780
"Delfzijl","tussenwoning",2950,2360,3540
"Deurne","tussenwoning",3400,2720,4080
"Deventer","tussenwoning",3150,2520,3780
"Diemen","tussenwoning",3600,2880,4320
"Dinkelland","tussenwoning",3250,2600,3900
"Dirksland","tussenwoning",3050,2440,3660
"Doesburg","tussenwoning",3100,2480,3720
"Doetinchem","tussenwoning",3000,2400,3600
"Dongen","tussenwoning",3400,2720,4080
"Dongeradeel","tussenwoning",2400,1920,2880
"Dordrecht","tussenwoning",3350,2680,4020
"Drechterland","tussenwoning",3000,2400,3600
"Drimmelen","tussenwoning",3300,2640,3960
"Dronten","tussenwoning",3300,2640,3960
"Druten","tussenwoning",3200,2560,3840
"Duiven","tussenwoning",3250,2600,3900
"Echt-Susteren","tussenwoning",3400,2720,4080
"Edam-Volendam","tussenwoning",3800,3040,4560
"Ede","tussenwoning",3400,2720,4080
"Eemnes","tussenwoning",3450,2760,4140
"Eemsmond","tussenwoning",2450,1960,2940
"Eersel","tussenwoning",3400,2720,4080
"Eijsden-Margraten","tussenwoning",3600,2880,4320
"Eindhoven","tussenwoning",3200,2560,3840
"Elburg","tussenwoning",3150,2520,3780
"Emmen","tussenwoning",2950,2360,3540
"Enkhuizen","tussenwoning",3050,2440,3660
"Enschede","tussenwoning",3300,2640,3960
"Epe","tussenwoning",3100,2480,3720
"Ermelo","tussenwoning",3050,2440,3660
"Etten-Leur","tussenwoning",3450,2760,4140
"Ferwerderadiel","tussenwoning",2550,2040,3060
"Franekeradeel","tussenwoning",2650,2120,3180
"Gaasterlan-Sleat","tussenwoning",2700,2160,3240
"Geertruidenberg","tussenwoning",3350,2680,4020
"Geldermalsen","tussenwoning",3250,2600,3900
"Geldrop-Mierlo","tussenwoning",3450,2760,4140
"Gemert-Bakel","tussenwoning",3400,2720,4080
"Gennep","tussenwoning",3300,2640,3960
"Giessenlanden","tussenwoning",3200,2560,3840
"Gilze en Rijen","tussenwoning",3350,2680,4020
"Goedereede","tussenwoning",3050,2440,3660
"Goes","tussenwoning",2850,2280,3420
"Goirle","tussenwoning",3650,2920,4380
"Gorinchem","tussenwoning",3200,2560,3840
"Gouda","tussenwoning",3200,2560,3840
"Graafstroom","tussenwoning",3100,2480,3720
"Graft-De Rijp","tussenwoning",3400,2720,4080
"Grave","tussenwoning",3350,2680,4020
"'s-Gravenhage (gemeente)","tussenwoning",3400,2720,4080
"Groesbeek","tussenwoning",2950,2360,3540
"Groningen (gemeente)","tussenwoning",2850,2280,3420
"Grootegast","tussenwoning",2500,2000,3000
"Gulpen-Wittem","tussenwoning",3400,2720,4080
"Haaksbergen","tussenwoning",3350,2680,4020
"Haaren","tussenwoning",3600,2880,4320
"Haarlem","tussenwoning",3000,2400,3600
"Haarlemmerliede en Spaarnwoude","tussenwoning",3650,2920,4380
"Haarlemmermeer","tussenwoning",3650,2920,4380
"Halderberge","tussenwoning",3150,2520,3780
"Hardenberg","tussenwoning",3150,2520,3780
"Harderwijk","tussenwoning",3200,2560,3840
"Hardinxveld-Giessendam","tussenwoning",3300,2640,3960
"Haren","tussenwoning",2850,2280,3420
"Harenkarspel","tussenwoning",3200,2560,3840
"Harlingen","tussenwoning",2800,2240,3360
"Hattem","tussenwoning",3000,2400,3600
"Heemskerk","tussenwoning",3350,2680,4020
"Heemstede","tussenwoning",3300,2640,3960
"Heerde","tussenwoning",2950,2360,3540
"Heerenveen","tussenwoning",2750,2200,3300
"Heerhugowaard","tussenwoning",3450,2760,4140
"Heerlen","tussenwoning",3200,2560,3840
"Heeze-Leende","tussenwoning",3550,2840,4260
"Heiloo","tussenwoning",3200,2560,3840
"Den Helder","tussenwoning",3000,2400,3600
"Hellendoorn","tussenwoning",3300,2640,3960
"Hellevoetsluis","tussenwoning",3500,2800,4200
"Helmond","tussenwoning",3350,2680,4020
"Hendrik-Ido-Ambacht","tussenwoning",3450,2760,4140
"Hengelo (O.)","tussenwoning",3300,2640,3960
"'s-Hertogenbosch","tussenwoning",3400,2720,4080
"Heumen","tussenwoning",3200,2560,3840
"Heusden","tussenwoning",3550,2840,4260
"Hillegom","tussenwoning",3250,2600,3900
"Hilvarenbeek","tussenwoning",3400,2720,4080
"Hilversum","tussenwoning",3100,2480,3720
"Hof van Twente","tussenwoning",3250,2600,3900
"Hollands Kroon","tussenwoning",3150,2520,3780
"Hoogeveen","tussenwoning",3050,2440,3660
"Hoogezand-Sappemeer","tussenwoning",2900,2320,3480
"Hoorn","tussenwoning",3200,2560,3840
"Horst aan de Maas","tussenwoning",3550,2840,4260
"Houten","tussenwoning",3600,2880,4320
"Huizen","tussenwoning",3350,2680,4020
"Hulst","tussenwoning",2600,2080,3120
"IJsselstein","tussenwoning",3650,2920,4380
"Kaag en Braassem","tussenwoning",3400,2720,4080
"Kampen","tussenwoning",2950,2360,3540
"Kapelle","tussenwoning",2950,2360,3540
"Katwijk","tussenwoning",3550,2840,4260
"Kerkrade","tussenwoning",3300,2640,3960
"Koggenland","tussenwoning",3250,2600,3900
"Kollumerland en Nieuwkruisland","tussenwoning",2600,2080,3120
"Korendijk","tussenwoning",3000,2400,3600
"Krimpen aan den IJssel","tussenwoning",3250,2600,3900
"Laarbeek","tussenwoning",3350,2680,4020
"Landerd","tussenwoning",3450,2760,4140
"Landgraaf","tussenwoning",3300,2640,3960
"Landsmeer","tussenwoning",3450,2760,4140
"Langedijk","tussenwoning",3350,2680,4020
"Lansingerland","tussenwoning",3650,2920,4380
"Laren (NH.)","tussenwoning",3000,2400,3600
"Leek","tussenwoning",2950,2360,3540
"Leerdam","tussenwoning",3050,2440,3660
"Leeuwarden","tussenwoning",2800,2240,3360
"Leeuwarderadeel","tussenwoning",2750,2200,3300
"Leiden","tussenwoning",3150,2520,3780
"Leiderdorp","tussenwoning",3500,2800,4200
"Leidschendam-Voorburg","tussenwoning",3500,2800,4200
"Lelystad","tussenwoning",3450,2760,4140
"Lemsterland","tussenwoning",2700,2160,3240
"Leudal","tussenwoning",3550,2840,4260
"Leusden","tussenwoning",3550,2840,4260
"Liesveld","tussenwoning",3100,2480,3720
"Lingewaal","tussenwoning",3200,2560,3840
"Lingewaard","tussenwoning",3300,2640,3960
"Lisse","tussenwoning",3450,2760,4140
"Littenseradiel","tussenwoning",2400,1920,2880
"Lochem","tussenwoning",2850,2280,3420
"Loon op Zand","tussenwoning",3400,2720,4080
"Lopik","tussenwoning",3500,2800,4200
"Loppersum","tussenwoning",2650,2120,3180
"Losser","tussenwoning",3200,2560,3840
"Maasdonk","tussenwoning",3750,3000,4500
"Maasdriel","tussenwoning",3150,2520,3780
"Maasgouw","tussenwoning",3450,2760,4140
"Maassluis","tussenwoning",3500,2800,4200
"Maastricht","tussenwoning",3200,2560,3840
"De Marne","tussenwoning",2550,2040,3060
"Marum","tussenwoning",2600,2080,3120
"Medemblik","tussenwoning",3250,2600,3900
"Meerssen","tussenwoning",3450,2760,4140
"Menameradiel","tussenwoning",2600,2080,3120
"Menterwolde","tussenwoning",2700,2160,3240
"Meppel","tussenwoning",3050,2440,3660
"Middelburg (Z.)","tussenwoning",2800,2240,3360
"Middelharnis","tussenwoning",3000,2400,3600
"Midden-Delfland","tussenwoning",3500,2800,4200
"Midden-Drenthe","tussenwoning",2800,2240,3360
"Mill en Sint Hubert","tussenwoning",3350,2680,4020
"Millingen aan de Rijn","tussenwoning",2850,2280,3420
"Moerdijk","tussenwoning",3250,2600,3900
"Montferland","tussenwoning",3050,2440,3660
"Montfoort","tussenwoning",3450,2760,4140
"Mook en Middelaar","tussenwoning",3350,2680,4020
"Muiden","tussenwoning",3350,2680,4020
"Naarden","tussenwoning",3350,2680,4020
"Neder-Betuwe","tussenwoning",3100,2480,3720
"Nederlek","tussenwoning",3100,2480,3720
"Nederweert","tussenwoning",3650,2920,4380
"Neerijnen","tussenwoning",3250,2600,3900
"Nieuwegein","tussenwoning",3650,2920,4380
"Nieuwkoop","tussenwoning",3450,2760,4140
"Nieuw-Lekkerland","tussenwoning",3100,2480,3720
"Nijkerk","tussenwoning",3200,2560,3840
"Nijmegen","tussenwoning",3050,2440,3660
"Noord-Beveland","tussenwoning",2600,2080,3120
"Noordenveld","tussenwoning",2900,2320,3480
"Noordoostpolder","tussenwoning",3050,2440,3660
"Noordwijk","tussenwoning",3350,2680,4020
"Noordwijkerhout","tussenwoning",3300,2640,3960
"Nuenen, Gerwen en Nederwetten","tussenwoning",3500,2800,4200
"Nunspeet","tussenwoning",3150,2520,3780
"Nuth","tussenwoning",3450,2760,4140
"Oegstgeest","tussenwoning",3450,2760,4140
"Oirschot","tussenwoning",3650,2920,4380
"Oisterwijk","tussenwoning",3550,2840,4260
"Oldambt","tussenwoning",2700,2160,3240
"Oldebroek","tussenwoning",3000,2400,3600
"Oldenzaal","tussenwoning",3350,2680,4020
"Olst-Wijhe","tussenwoning",3000,2400,3600
"Ommen","tussenwoning",3200,2560,3840
"Onderbanken","tussenwoning",3550,2840,4260
"Oost Gelre","tussenwoning",3050,2440,3660
"Oosterhout","tussenwoning",3450,2760,4140
"Oostflakkee","tussenwoning",2950,2360,3540
"Ooststellingwerf","tussenwoning",2550,2040,3060
"Oostzaan","tussenwoning",3450,2760,4140
"Opmeer","tussenwoning",3100,2480,3720
"Opsterland","tussenwoning",2600,2080,3120
"Oss","tussenwoning",3400,2720,4080
"Oud-Beijerland","tussenwoning",3400,2720,4080
"Oude IJsselstreek","tussenwoning",2950,2360,3540
"Ouder-Amstel","tussenwoning",3550,2840,4260
"Ouderkerk","tussenwoning",3200,2560,3840
"Oudewater","tussenwoning",3300,2640,3960
"Overbetuwe","tussenwoning",3200,2560,3840
"Papendrecht","tussenwoning",3500,2800,4200
"Peel en Maas","tussenwoning",3500,2800,4200
"Pekela","tussenwoning",2900,2320,3480
"Pijnacker-Nootdorp","tussenwoning",3650,2920,4380
"Purmerend","tussenwoning",3550,2840,4260
"Putten","tussenwoning",3100,2480,3720
"Raalte","tussenwoning",3200,2560,3840
"Reimerswaal","tussenwoning",2700,2160,3240
"Renkum","tussenwoning",3100,2480,3720
"Renswoude","tussenwoning",3500,2800,4200
"Reusel-De Mierden","tussenwoning",3500,2800,4200
"Rheden","tussenwoning",2950,2360,3540
"Rhenen","tussenwoning",3250,2600,3900
"Ridderkerk","tussenwoning",3350,2680,4020
"Rijnwaarden","tussenwoning",2900,2320,3480
"Rijnwoude","tussenwoning",3300,2640,3960
"Rijssen-Holten","tussenwoning",3150,2520,3780
"Rijswijk (ZH.)","tussenwoning",3500,2800,4200
"Roerdalen","tussenwoning",3400,2720,4080
"Roermond","tussenwoning",3200,2560,3840
"De Ronde Venen","tussenwoning",3650,2920,4380
"Roosendaal","tussenwoning",3300,2640,3960
"Rotterdam","tussenwoning",3100,2480,3720
"Rozendaal","tussenwoning",3650,2920,4380
"Rucphen","tussenwoning",3350,2680,4020
"Schagen","tussenwoning",3100,2480,3720
"Schermer","tussenwoning",3450,2760,4140
"Scherpenzeel","tussenwoning",3350,2680,4020
"Schiedam","tussenwoning",3300,2640,3960
"Schiermonnikoog","tussenwoning",2100,1680,2520
"Schijndel","tussenwoning",3500,2800,4200
"Schinnen","tussenwoning",3550,2840,4260
"Schoonhoven","tussenwoning",3100,2480,3720
"Schouwen-Duiveland","tussenwoning",2900,2320,3480
"Simpelveld","tussenwoning",3300,2640,3960
"Sint Anthonis","tussenwoning",3050,2440,3660
"Sint-Michielsgestel","tussenwoning",3450,2760,4140
"Sint-Oedenrode","tussenwoning",3550,2840,4260
"Sittard-Geleen","tussenwoning",3400,2720,4080
"Skarsterlân","tussenwoning",2500,2000,3000
"Sliedrecht","tussenwoning",3200,2560,3840
"Slochteren","tussenwoning",2700,2160,3240
"Sluis","tussenwoning",2600,2080,3120
"Smallingerland","tussenwoning",2750,2200,3300
"Soest","tussenwoning",3500,2800,4200
"Someren","tussenwoning",3600,2880,4320
"Son en Breugel","tussenwoning",3800,3040,4560
"Spijkenisse","tussenwoning",3550,2840,4260
"Stadskanaal","tussenwoning",2850,2280,3420
"Staphorst","tussenwoning",3500,2800,4200
"Stede Broec","tussenwoning",3250,2600,3900
"Steenbergen","tussenwoning",3350,2680,4020
"Steenwijkerland","tussenwoning",2800,2240,3360
"Stein (L.)","tussenwoning",3300,2640,3960
"Stichtse Vecht","tussenwoning",3550,2840,4260
"Strijen","tussenwoning",3200,2560,3840
"Sudwest-Fryslan","tussenwoning",2700,2160,3240
"Terneuzen","tussenwoning",2750,2200,3300
"Terschelling","tussenwoning",2750,2200,3300
"Texel","tussenwoning",2900,2320,3480
"Teylingen","tussenwoning",3500,2800,4200
"Tholen","tussenwoning",3050,2440,3660
"Tiel","tussenwoning",3350,2680,4020
"Tilburg","tussenwoning",3350,2680,4020
"Tubbergen","tussenwoning",3150,2520,3780
"Twenterand","tussenwoning",3200,2560,3840
"Tynaarlo","tussenwoning",2850,2280,3420
"Tytsjerksteradiel","tussenwoning",2650,2120,3180
"Ubbergen","tussenwoning",2850,2280,3420
"Uden","tussenwoning",3550,2840,4260
"Uitgeest","tussenwoning",3400,2720,4080
"Uithoorn","tussenwoning",3550,2840,4260
"Urk","tussenwoning",3700,2960,4440
"Utrecht (gemeente)","tussenwoning",3050,2440,3660
"Utrechtse Heuvelrug","tussenwoning",3250,2600,3900
"Vaals","tussenwoning",3000,2400,3600
"Valkenburg aan de Geul","tussenwoning",3300,2640,3960
"Valkenswaard","tussenwoning",3350,2680,4020
"Veendam","tussenwoning",2950,2360,3540
"Veenendaal","tussenwoning",3550,2840,4260
"Veere","tussenwoning",2800,2240,3360
"Veghel","tussenwoning",3500,2800,4200
"Veldhoven","tussenwoning",3450,2760,4140
"Velsen","tussenwoning",3300,2640,3960
"Venlo","tussenwoning",3350,2680,4020
"Venray","tussenwoning",3450,2760,4140
"Vianen","tussenwoning",3400,2720,4080
"Vlaardingen","tussenwoning",3300,2640,3960
"Vlagtwedde","tussenwoning",2800,2240,3360
"Vlieland","tussenwoning",2850,2280,3420
"Vlissingen","tussenwoning",2900,2320,3480
"Vlist","tussenwoning",3050,2440,3660
"Voerendaal","tussenwoning",3400,2720,4080
"Voorschoten","tussenwoning",3400,2720,4080
"Voorst","tussenwoning",2950,2360,3540
"Vught","tussenwoning",3300,2640,3960
"Waalre","tussenwoning",3450,2760,4140
"Waalwijk","tussenwoning",3200,2560,3840
"Waddinxveen","tussenwoning",3400,2720,4080
"Wageningen","tussenwoning",3000,2400,3600
"Wassenaar","tussenwoning",3350,2680,4020
"Waterland","tussenwoning",3400,2720,4080
"Weert","tussenwoning",3300,2640,3960
"Weesp","tussenwoning",3200,2560,3840
"Werkendam","tussenwoning",3200,2560,3840
"West Maas en Waal","tussenwoning",3000,2400,3600
"Westerveld","tussenwoning",2700,2160,3240
"Westervoort","tussenwoning",3200,2560,3840
"Westland","tussenwoning",3550,2840,4260
"Weststellingwerf","tussenwoning",2650,2120,3180
"Westvoorne","tussenwoning",3350,2680,4020
"Wierden","tussenwoning",3300,2640,3960
"Wijchen","tussenwoning",3300,2640,3960
"Wijdemeren","tussenwoning",3350,2680,4020
"Wijk bij Duurstede","tussenwoning",3600,2880,4320
"Winsum","tussenwoning",2900,2320,3480
"Winterswijk","tussenwoning",3050,2440,3660
"Woensdrecht","tussenwoning",3350,2680,4020
"Woerden","tussenwoning",3350,2680,4020
"De Wolden","tussenwoning",2800,2240,3360
"Wormerland","tussenwoning",3350,2680,4020
"Woudenberg","tussenwoning",3300,2640,3960
"Woudrichem","tussenwoning",3200,2560,3840
"Zaanstad","tussenwoning",3200,2560,3840
"Zaltbommel","tussenwoning",3200,2560,3840
"Zandvoort","tussenwoning",3250,2600,3900
"Zederik","tussenwoning",3150,2520,3780
"Zeevang","tussenwoning",3500,2800,4200
"Zeewolde","tussenwoning",3500,2800,4200
"Zeist","tussenwoning",3250,2600,3900
"Zevenaar","tussenwoning",3100,2480,3720
"Zijpe","tussenwoning",3150,2520,3780
"Zoetermeer","tussenwoning",3650,2920,4380
"Zoeterwoude","tussenwoning",3550,2840,4260
"Zuidhorn","tussenwoning",2850,2280,3420
"Zuidplas","tussenwoning",3550,2840,4260
"Zundert","tussenwoning",3500,2800,4200
"Zutphen","tussenwoning",3050,2440,3660
"Zwartewaterland","tussenwoning",3150,2520,3780
"Zwijndrecht","tussenwoning",3350,2680,4020
"Zwolle","tussenwoning",3150,2520,3780
"Aa en Hunze","hoekwoning",2950,2360,3540
"Aalburg","hoekwoning",3500,2800,4200
"Aalsmeer","hoekwoning",3750,3000,4500
"Aalten","hoekwoning",3000,2400,3600
"Achtkarspelen","hoekwoning",2700,2160,3240
"Alblasserdam","hoekwoning",3450,2760,4140
"Albrandswaard","hoekwoning",3600,2880,4320
"Alkmaar","hoekwoning",3300,2640,3960
"Almelo","hoekwoning",3350,2680,4020
"Almere","hoekwoning",3800,3040,4560
"Alphen aan den Rijn","hoekwoning",3700,2960,4440
"Alphen-Chaam","hoekwoning",3450,2760,4140
"Ameland","hoekwoning",2800,2240,3360
"Amersfoort","hoekwoning",3450,2760,4140
"Amstelveen","hoekwoning",3850,3080,4620
"Amsterdam","hoekwoning",3200,2560,3840
"Apeldoorn","hoekwoning",3300,2640,3960
"Appingedam","hoekwoning",2850,2280,3420
"Arnhem","hoekwoning",3200,2560,3840
"Assen","hoekwoning",3200,2560,3840
"Asten","hoekwoning",3650,2920,4380
"Baarle-Nassau","hoekwoning",3400,2720,4080
"Baarn","hoekwoning",3450,2760,4140
"Barendrecht","hoekwoning",3850,3080,4620
"Barneveld","hoekwoning",3650,2920,4380
"Bedum","hoekwoning",3000,2400,3600
"Beek (L.)","hoekwoning",3750,3000,4500
"Beemster","hoekwoning",3350,2680,4020
"Beesel","hoekwoning",3400,2720,4080
"Bellingwedde","hoekwoning",2600,2080,3120
"Bergambacht","hoekwoning",3400,2720,4080
"Bergeijk","hoekwoning",3500,2800,4200
"Bergen (L.)","hoekwoning",3550,2840,4260
"Bergen (NH.)","hoekwoning",3300,2640,3960
"Bergen op Zoom","hoekwoning",3400,2720,4080
"Berkelland","hoekwoning",3050,2440,3660
"Bernheze","hoekwoning",3550,2840,4260
"Bernisse","hoekwoning",3650,2920,4380
"Best","hoekwoning",3950,3160,4740
"Beuningen","hoekwoning",3600,2880,4320
"Beverwijk","hoekwoning",3550,2840,4260
"het Bildt","hoekwoning",2550,2040,3060
"De Bilt","hoekwoning",3600,2880,4320
"Binnenmaas","hoekwoning",3450,2760,4140
"Bladel","hoekwoning",3400,2720,4080
"Blaricum","hoekwoning",3450,2760,4140
"Bloemendaal","hoekwoning",3850,3080,4620
"Boarnsterhim","hoekwoning",2600,2080,3120
"Bodegraven-Reeuwijk","hoekwoning",3600,2880,4320
"Boekel","hoekwoning",3600,2880,4320
"Ten Boer","hoekwoning",3100,2480,3720
"Borger-Odoorn","hoekwoning",3050,2440,3660
"Borne","hoekwoning",3600,2880,4320
"Borsele","hoekwoning",2950,2360,3540
"Boskoop","hoekwoning",3500,2800,4200
"Boxmeer","hoekwoning",3400,2720,4080
"Boxtel","hoekwoning",3550,2840,4260
"Breda","hoekwoning",3600,2880,4320
"Brielle","hoekwoning",3550,2840,4260
"Bronckhorst","hoekwoning",3050,2440,3660
"Brummen","hoekwoning",3050,2440,3660
"Brunssum","hoekwoning",3450,2760,4140
"Bunnik","hoekwoning",3700,2960,4440
"Bunschoten","hoekwoning",4050,3240,4860
"Buren","hoekwoning",3350,2680,4020
"Bussum","hoekwoning",3700,2960,4440
"Capelle aan den IJssel","hoekwoning",3800,3040,4560
"Castricum","hoekwoning",3450,2760,4140
"Coevorden","hoekwoning",3100,2480,3720
"Cranendonck","hoekwoning",3350,2680,4020
"Cromstrijen","hoekwoning",3400,2720,4080
"Cuijk","hoekwoning",3450,2760,4140
"Culemborg","hoekwoning",3350,2680,4020
"Dalfsen","hoekwoning",3200,2560,3840
"Dantumadiel","hoekwoning",2500,2000,3000
"Delft","hoekwoning",3250,2600,3900
"Delfzijl","hoekwoning",3050,2440,3660
"Deurne","hoekwoning",3450,2760,4140
"Deventer","hoekwoning",3250,2600,3900
"Diemen","hoekwoning",3900,3120,4680
"Dinkelland","hoekwoning",3550,2840,4260
"Dirksland","hoekwoning",3300,2640,3960
"Doesburg","hoekwoning",3150,2520,3780
"Doetinchem","hoekwoning",3200,2560,3840
"Dongen","hoekwoning",3550,2840,4260
"Dongeradeel","hoekwoning",2500,2000,3000
"Dordrecht","hoekwoning",3550,2840,4260
"Drechterland","hoekwoning",3200,2560,3840
"Drimmelen","hoekwoning",3400,2720,4080
"Dronten","hoekwoning",3500,2800,4200
"Druten","hoekwoning",3300,2640,3960
"Duiven","hoekwoning",3400,2720,4080
"Echt-Susteren","hoekwoning",3500,2800,4200
"Edam-Volendam","hoekwoning",4000,3200,4800
"Ede","hoekwoning",3500,2800,4200
"Eemnes","hoekwoning",3550,2840,4260
"Eemsmond","hoekwoning",2600,2080,3120
"Eersel","hoekwoning",3400,2720,4080
"Eijsden-Margraten","hoekwoning",3750,3000,4500
"Eindhoven","hoekwoning",3400,2720,4080
"Elburg","hoekwoning",3350,2680,4020
"Emmen","hoekwoning",3150,2520,3780
"Enkhuizen","hoekwoning",3250,2600,3900
"Enschede","hoekwoning",3450,2760,4140
"Epe","hoekwoning",3250,2600,3900
"Ermelo","hoekwoning",3250,2600,3900
"Etten-Leur","hoekwoning",3550,2840,4260
"Ferwerderadiel","hoekwoning",2600,2080,3120
"Franekeradeel","hoekwoning",2800,2240,3360
"Gaasterlan-Sleat","hoekwoning",2550,2040,3060
"Geertruidenberg","hoekwoning",3400,2720,4080
"Geldermalsen","hoekwoning",3450,2760,4140
"Geldrop-Mierlo","hoekwoning",3650,2920,4380
"Gemert-Bakel","hoekwoning",3450,2760,4140
"Gennep","hoekwoning",3400,2720,4080
"Giessenlanden","hoekwoning",3400,2720,4080
"Gilze en Rijen","hoekwoning",3450,2760,4140
"Goedereede","hoekwoning",3450,2760,4140
"Goes","hoekwoning",3000,2400,3600
"Goirle","hoekwoning",3650,2920,4380
"Gorinchem","hoekwoning",3450,2760,4140
"Gouda","hoekwoning",3350,2680,4020
"Graafstroom","hoekwoning",3200,2560,3840
"Graft-De Rijp","hoekwoning",3500,2800,4200
"Grave","hoekwoning",3400,2720,4080
"'s-Gravenhage (gemeente)","hoekwoning",3700,2960,4440
"Groesbeek","hoekwoning",3000,2400,3600
"Groningen (gemeente)","hoekwoning",3100,2480,3720
"Grootegast","hoekwoning",2750,2200,3300
"Gulpen-Wittem","hoekwoning",3500,2800,4200
"Haaksbergen","hoekwoning",3600,2880,4320
"Haaren","hoekwoning",3650,2920,4380
"Haarlem","hoekwoning",3200,2560,3840
"Haarlemmerliede en Spaarnwoude","hoekwoning",3850,3080,4620
"Haarlemmermeer","hoekwoning",3800,3040,4560
"Halderberge","hoekwoning",3400,2720,4080
"Hardenberg","hoekwoning",3300,2640,3960
"Harderwijk","hoekwoning",3500,2800,4200
"Hardinxveld-Giessendam","hoekwoning",3450,2760,4140
"Haren","hoekwoning",2950,2360,3540
"Harenkarspel","hoekwoning",3300,2640,3960
"Harlingen","hoekwoning",2900,2320,3480
"Hattem","hoekwoning",3100,2480,3720
"Heemskerk","hoekwoning",3550,2840,4260
"Heemstede","hoekwoning",3650,2920,4380
"Heerde","hoekwoning",3100,2480,3720
"Heerenveen","hoekwoning",2900,2320,3480
"Heerhugowaard","hoekwoning",3550,2840,4260
"Heerlen","hoekwoning",3400,2720,4080
"Heeze-Leende","hoekwoning",3500,2800,4200
"Heiloo","hoekwoning",3400,2720,4080
"Den Helder","hoekwoning",3050,2440,3660
"Hellendoorn","hoekwoning",3400,2720,4080
"Hellevoetsluis","hoekwoning",3700,2960,4440
"Helmond","hoekwoning",3550,2840,4260
"Hendrik-Ido-Ambacht","hoekwoning",3700,2960,4440
"Hengelo (O.)","hoekwoning",3500,2800,4200
"'s-Hertogenbosch","hoekwoning",3550,2840,4260
"Heumen","hoekwoning",3400,2720,4080
"Heusden","hoekwoning",3650,2920,4380
"Hillegom","hoekwoning",3400,2720,4080
"Hilvarenbeek","hoekwoning",3550,2840,4260
"Hilversum","hoekwoning",3400,2720,4080
"Hof van Twente","hoekwoning",3250,2600,3900
"Hollands Kroon","hoekwoning",3250,2600,3900
"Hoogeveen","hoekwoning",3250,2600,3900
"Hoogezand-Sappemeer","hoekwoning",3200,2560,3840
"Hoorn","hoekwoning",3450,2760,4140
"Horst aan de Maas","hoekwoning",3650,2920,4380
"Houten","hoekwoning",3800,3040,4560
"Huizen","hoekwoning",3600,2880,4320
"Hulst","hoekwoning",2750,2200,3300
"IJsselstein","hoekwoning",3850,3080,4620
"Kaag en Braassem","hoekwoning",3550,2840,4260
"Kampen","hoekwoning",3200,2560,3840
"Kapelle","hoekwoning",3100,2480,3720
"Katwijk","hoekwoning",3750,3000,4500
"Kerkrade","hoekwoning",3500,2800,4200
"Koggenland","hoekwoning",3550,2840,4260
"Kollumerland en Nieuwkruisland","hoekwoning",2700,2160,3240
"Korendijk","hoekwoning",3250,2600,3900
"Krimpen aan den IJssel","hoekwoning",3450,2760,4140
"Laarbeek","hoekwoning",3350,2680,4020
"Landerd","hoekwoning",3500,2800,4200
"Landgraaf","hoekwoning",3500,2800,4200
"Landsmeer","hoekwoning",3550,2840,4260
"Langedijk","hoekwoning",3450,2760,4140
"Lansingerland","hoekwoning",3800,3040,4560
"Laren (NH.)","hoekwoning",3500,2800,4200
"Leek","hoekwoning",3200,2560,3840
"Leerdam","hoekwoning",3300,2640,3960
"Leeuwarden","hoekwoning",3000,2400,3600
"Leeuwarderadeel","hoekwoning",2900,2320,3480
"Leiden","hoekwoning",3350,2680,4020
"Leiderdorp","hoekwoning",3550,2840,4260
"Leidschendam-Voorburg","hoekwoning",3800,3040,4560
"Lelystad","hoekwoning",3400,2720,4080
"Lemsterland","hoekwoning",2850,2280,3420
"Leudal","hoekwoning",3650,2920,4380
"Leusden","hoekwoning",3650,2920,4380
"Liesveld","hoekwoning",3250,2600,3900
"Lingewaal","hoekwoning",3300,2640,3960
"Lingewaard","hoekwoning",3500,2800,4200
"Lisse","hoekwoning",3550,2840,4260
"Littenseradiel","hoekwoning",2750,2200,3300
"Lochem","hoekwoning",3000,2400,3600
"Loon op Zand","hoekwoning",3600,2880,4320
"Lopik","hoekwoning",3650,2920,4380
"Loppersum","hoekwoning",2700,2160,3240
"Losser","hoekwoning",3450,2760,4140
"Maasdonk","hoekwoning",3600,2880,4320
"Maasdriel","hoekwoning",3300,2640,3960
"Maasgouw","hoekwoning",3500,2800,4200
"Maassluis","hoekwoning",3650,2920,4380
"Maastricht","hoekwoning",3400,2720,4080
"De Marne","hoekwoning",2650,2120,3180
"Marum","hoekwoning",2900,2320,3480
"Medemblik","hoekwoning",3300,2640,3960
"Meerssen","hoekwoning",3550,2840,4260
"Menameradiel","hoekwoning",2750,2200,3300
"Menterwolde","hoekwoning",2850,2280,3420
"Meppel","hoekwoning",3250,2600,3900
"Middelburg (Z.)","hoekwoning",2950,2360,3540
"Middelharnis","hoekwoning",3200,2560,3840
"Midden-Delfland","hoekwoning",3550,2840,4260
"Midden-Drenthe","hoekwoning",3050,2440,3660
"Mill en Sint Hubert","hoekwoning",3400,2720,4080
"Millingen aan de Rijn","hoekwoning",3100,2480,3720
"Moerdijk","hoekwoning",3350,2680,4020
"Montferland","hoekwoning",3250,2600,3900
"Montfoort","hoekwoning",3800,3040,4560
"Mook en Middelaar","hoekwoning",3550,2840,4260
"Muiden","hoekwoning",3650,2920,4380
"Naarden","hoekwoning",4050,3240,4860
"Neder-Betuwe","hoekwoning",3300,2640,3960
"Nederlek","hoekwoning",3250,2600,3900
"Nederweert","hoekwoning",3800,3040,4560
"Neerijnen","hoekwoning",3200,2560,3840
"Nieuwegein","hoekwoning",3800,3040,4560
"Nieuwkoop","hoekwoning",3500,2800,4200
"Nieuw-Lekkerland","hoekwoning",3350,2680,4020
"Nijkerk","hoekwoning",3600,2880,4320
"Nijmegen","hoekwoning",3250,2600,3900
"Noord-Beveland","hoekwoning",2750,2200,3300
"Noordenveld","hoekwoning",3100,2480,3720
"Noordoostpolder","hoekwoning",3350,2680,4020
"Noordwijk","hoekwoning",3650,2920,4380
"Noordwijkerhout","hoekwoning",3650,2920,4380
"Nuenen, Gerwen en Nederwetten","hoekwoning",3750,3000,4500
"Nunspeet","hoekwoning",3350,2680,4020
"Nuth","hoekwoning",3600,2880,4320
"Oegstgeest","hoekwoning",3800,3040,4560
"Oirschot","hoekwoning",3700,2960,4440
"Oisterwijk","hoekwoning",3550,2840,4260
"Oldambt","hoekwoning",2900,2320,3480
"Oldebroek","hoekwoning",3250,2600,3900
"Oldenzaal","hoekwoning",3600,2880,4320
"Olst-Wijhe","hoekwoning",3250,2600,3900
"Ommen","hoekwoning",3300,2640,3960
"Onderbanken","hoekwoning",3550,2840,4260
"Oost Gelre","hoekwoning",3100,2480,3720
"Oosterhout","hoekwoning",3650,2920,4380
"Oostflakkee","hoekwoning",3150,2520,3780
"Ooststellingwerf","hoekwoning",2800,2240,3360
"Oostzaan","hoekwoning",3750,3000,4500
"Opmeer","hoekwoning",3400,2720,4080
"Opsterland","hoekwoning",2900,2320,3480
"Oss","hoekwoning",3600,2880,4320
"Oud-Beijerland","hoekwoning",3600,2880,4320
"Oude IJsselstreek","hoekwoning",3100,2480,3720
"Ouder-Amstel","hoekwoning",3800,3040,4560
"Ouderkerk","hoekwoning",3400,2720,4080
"Oudewater","hoekwoning",3400,2720,4080
"Overbetuwe","hoekwoning",3400,2720,4080
"Papendrecht","hoekwoning",3650,2920,4380
"Peel en Maas","hoekwoning",3550,2840,4260
"Pekela","hoekwoning",2900,2320,3480
"Pijnacker-Nootdorp","hoekwoning",3800,3040,4560
"Purmerend","hoekwoning",3700,2960,4440
"Putten","hoekwoning",3300,2640,3960
"Raalte","hoekwoning",3300,2640,3960
"Reimerswaal","hoekwoning",2950,2360,3540
"Renkum","hoekwoning",3200,2560,3840
"Renswoude","hoekwoning",3600,2880,4320
"Reusel-De Mierden","hoekwoning",3500,2800,4200
"Rheden","hoekwoning",3150,2520,3780
"Rhenen","hoekwoning",3500,2800,4200
"Ridderkerk","hoekwoning",3550,2840,4260
"Rijnwaarden","hoekwoning",3250,2600,3900
"Rijnwoude","hoekwoning",3500,2800,4200
"Rijssen-Holten","hoekwoning",3350,2680,4020
"Rijswijk (ZH.)","hoekwoning",3750,3000,4500
"Roerdalen","hoekwoning",3350,2680,4020
"Roermond","hoekwoning",3450,2760,4140
"De Ronde Venen","hoekwoning",3700,2960,4440
"Roosendaal","hoekwoning",3450,2760,4140
"Rotterdam","hoekwoning",3400,2720,4080
"Rozendaal","hoekwoning",3950,3160,4740
"Rucphen","hoekwoning",3350,2680,4020
"Schagen","hoekwoning",3100,2480,3720
"Schermer","hoekwoning",3350,2680,4020
"Scherpenzeel","hoekwoning",3650,2920,4380
"Schiedam","hoekwoning",3600,2880,4320
"Schiermonnikoog","hoekwoning",2100,1680,2520
"Schijndel","hoekwoning",3600,2880,4320
"Schinnen","hoekwoning",3700,2960,4440
"Schoonhoven","hoekwoning",3350,2680,4020
"Schouwen-Duiveland","hoekwoning",2950,2360,3540
"Simpelveld","hoekwoning",3350,2680,4020
"Sint Anthonis","hoekwoning",3150,2520,3780
"Sint-Michielsgestel","hoekwoning",3550,2840,4260
"Sint-Oedenrode","hoekwoning",3750,3000,4500
"Sittard-Geleen","hoekwoning",3550,2840,4260
"Skarsterlân","hoekwoning",2700,2160,3240
"Sliedrecht","hoekwoning",3500,2800,4200
"Slochteren","hoekwoning",2850,2280,3420
"Sluis","hoekwoning",2700,2160,3240
"Smallingerland","hoekwoning",2950,2360,3540
"Soest","hoekwoning",3800,3040,4560
"Someren","hoekwoning",3650,2920,4380
"Son en Breugel","hoekwoning",3850,3080,4620
"Spijkenisse","hoekwoning",3750,3000,4500
"Stadskanaal","hoekwoning",3000,2400,3600
"Staphorst","hoekwoning",3500,2800,4200
"Stede Broec","hoekwoning",3350,2680,4020
"Steenbergen","hoekwoning",3350,2680,4020
"Steenwijkerland","hoekwoning",3000,2400,3600
"Stein (L.)","hoekwoning",3600,2880,4320
"Stichtse Vecht","hoekwoning",3750,3000,4500
"Strijen","hoekwoning",3400,2720,4080
"Sudwest-Fryslan","hoekwoning",2750,2200,3300
"Terneuzen","hoekwoning",2850,2280,3420
"Terschelling","hoekwoning",2850,2280,3420
"Texel","hoekwoning",3350,2680,4020
"Teylingen","hoekwoning",3700,2960,4440
"Tholen","hoekwoning",3150,2520,3780
"Tiel","hoekwoning",3500,2800,4200
"Tilburg","hoekwoning",3550,2840,4260
"Tubbergen","hoekwoning",3400,2720,4080
"Twenterand","hoekwoning",3300,2640,3960
"Tynaarlo","hoekwoning",3100,2480,3720
"Tytsjerksteradiel","hoekwoning",2750,2200,3300
"Ubbergen","hoekwoning",3150,2520,3780
"Uden","hoekwoning",3750,3000,4500
"Uitgeest","hoekwoning",3400,2720,4080
"Uithoorn","hoekwoning",3650,2920,4380
"Urk","hoekwoning",4050,3240,4860
"Utrecht (gemeente)","hoekwoning",3250,2600,3900
"Utrechtse Heuvelrug","hoekwoning",3400,2720,4080
"Vaals","hoekwoning",3300,2640,3960
"Valkenburg aan de Geul","hoekwoning",3550,2840,4260
"Valkenswaard","hoekwoning",3550,2840,4260
"Veendam","hoekwoning",3100,2480,3720
"Veenendaal","hoekwoning",3800,3040,4560
"Veere","hoekwoning",2950,2360,3540
"Veghel","hoekwoning",3700,2960,4440
"Veldhoven","hoekwoning",3700,2960,4440
"Velsen","hoekwoning",3550,2840,4260
"Venlo","hoekwoning",3500,2800,4200
"Venray","hoekwoning",3600,2880,4320
"Vianen","hoekwoning",3450,2760,4140
"Vlaardingen","hoekwoning",3550,2840,4260
"Vlagtwedde","hoekwoning",3000,2400,3600
"Vlieland","hoekwoning",3050,2440,3660
"Vlissingen","hoekwoning",2950,2360,3540
"Vlist","hoekwoning",3100,2480,3720
"Voerendaal","hoekwoning",3450,2760,4140
"Voorschoten","hoekwoning",3700,2960,4440
"Voorst","hoekwoning",3150,2520,3780
"Vught","hoekwoning",3500,2800,4200
"Waalre","hoekwoning",3700,2960,4440
"Waalwijk","hoekwoning",3400,2720,4080
"Waddinxveen","hoekwoning",3650,2920,4380
"Wageningen","hoekwoning",3100,2480,3720
"Wassenaar","hoekwoning",3600,2880,4320
"Waterland","hoekwoning",3500,2800,4200
"Weert","hoekwoning",3400,2720,4080
"Weesp","hoekwoning",3300,2640,3960
"Werkendam","hoekwoning",3450,2760,4140
"West Maas en Waal","hoekwoning",3200,2560,3840
"Westerveld","hoekwoning",2850,2280,3420
"Westervoort","hoekwoning",3450,2760,4140
"Westland","hoekwoning",3750,3000,4500
"Weststellingwerf","hoekwoning",2750,2200,3300
"Westvoorne","hoekwoning",3450,2760,4140
"Wierden","hoekwoning",3550,2840,4260
"Wijchen","hoekwoning",3600,2880,4320
"Wijdemeren","hoekwoning",3550,2840,4260
"Wijk bij Duurstede","hoekwoning",3800,3040,4560
"Winsum","hoekwoning",2950,2360,3540
"Winterswijk","hoekwoning",3200,2560,3840
"Woensdrecht","hoekwoning",3400,2720,4080
"Woerden","hoekwoning",3600,2880,4320
"De Wolden","hoekwoning",3000,2400,3600
"Wormerland","hoekwoning",3400,2720,4080
"Woudenberg","hoekwoning",3550,2840,4260
"Woudrichem","hoekwoning",3450,2760,4140
"Zaanstad","hoekwoning",3350,2680,4020
"Zaltbommel","hoekwoning",3350,2680,4020
"Zandvoort","hoekwoning",3700,2960,4440
"Zederik","hoekwoning",3300,2640,3960
"Zeevang","hoekwoning",3600,2880,4320
"Zeewolde","hoekwoning",3700,2960,4440
"Zeist","hoekwoning",3450,2760,4140
"Zevenaar","hoekwoning",3300,2640,3960
"Zijpe","hoekwoning",3250,2600,3900
"Zoetermeer","hoekwoning",3800,3040,4560
"Zoeterwoude","hoekwoning",3700,2960,4440
"Zuidhorn","hoekwoning",2850,2280,3420
"Zuidplas","hoekwoning",3750,3000,4500
"Zundert","hoekwoning",3400,2720,4080
"Zutphen","hoekwoning",3100,2480,3720
"Zwartewaterland","hoekwoning",3300,2640,3960
"Zwijndrecht","hoekwoning",3550,2840,4260
"Zwolle","hoekwoning",3400,2720,4080
"Aa en Hunze","twee_onder_een_kap_woning",3500,2800,4200
"Aalburg","twee_onder_een_kap_woning",4250,3400,5100
"Aalsmeer","twee_onder_een_kap_woning",4300,3440,5160
"Aalten","twee_onder_een_kap_woning",3700,2960,4440
"Achtkarspelen","twee_onder_een_kap_woning",3250,2600,3900
"Alblasserdam","twee_onder_een_kap_woning",4050,3240,4860
"Albrandswaard","twee_onder_een_kap_woning",4050,3240,4860
"Alkmaar","twee_onder_een_kap_woning",3750,3000,4500
"Almelo","twee_onder_een_kap_woning",3850,3080,4620
"Almere","twee_onder_een_kap_woning",4750,3800,5700
"Alphen aan den Rijn","twee_onder_een_kap_woning",4250,3400,5100
"Alphen-Chaam","twee_onder_een_kap_woning",3800,3040,4560
"Ameland","twee_onder_een_kap_woning",3200,2560,3840
"Amersfoort","twee_onder_een_kap_woning",4300,3440,5160
"Amstelveen","twee_onder_een_kap_woning",4750,3800,5700
"Amsterdam","twee_onder_een_kap_woning",3750,3000,4500
"Apeldoorn","twee_onder_een_kap_woning",3750,3000,4500
"Appingedam","twee_onder_een_kap_woning",3100,2480,3720
"Arnhem","twee_onder_een_kap_woning",3850,3080,4620
"Assen","twee_onder_een_kap_woning",3800,3040,4560
"Asten","twee_onder_een_kap_woning",4300,3440,5160
"Baarle-Nassau","twee_onder_een_kap_woning",3750,3000,4500
"Baarn","twee_onder_een_kap_woning",4050,3240,4860
"Barendrecht","twee_onder_een_kap_woning",4750,3800,5700
"Barneveld","twee_onder_een_kap_woning",4350,3480,5220
"Bedum","twee_onder_een_kap_woning",3250,2600,3900
"Beek (L.)","twee_onder_een_kap_woning",3950,3160,4740
"Beemster","twee_onder_een_kap_woning",4000,3200,4800
"Beesel","twee_onder_een_kap_woning",3800,3040,4560
"Bellingwedde","twee_onder_een_kap_woning",3250,2600,3900
"Bergambacht","twee_onder_een_kap_woning",4100,3280,4920
"Bergeijk","twee_onder_een_kap_woning",4100,3280,4920
"Bergen (L.)","twee_onder_een_kap_woning",3700,2960,4440
"Bergen (NH.)","twee_onder_een_kap_woning",3800,3040,4560
"Bergen op Zoom","twee_onder_een_kap_woning",3900,3120,4680
"Berkelland","twee_onder_een_kap_woning",3850,3080,4620
"Bernheze","twee_onder_een_kap_woning",4250,3400,5100
"Bernisse","twee_onder_een_kap_woning",4050,3240,4860
"Best","twee_onder_een_kap_woning",4550,3640,5460
"Beuningen","twee_onder_een_kap_woning",4350,3480,5220
"Beverwijk","twee_onder_een_kap_woning",3850,3080,4620
"het Bildt","twee_onder_een_kap_woning",2800,2240,3360
"De Bilt","twee_onder_een_kap_woning",4400,3520,5280
"Binnenmaas","twee_onder_een_kap_woning",3950,3160,4740
"Bladel","twee_onder_een_kap_woning",4050,3240,4860
"Blaricum","twee_onder_een_kap_woning",3850,3080,4620
"Bloemendaal","twee_onder_een_kap_woning",4550,3640,5460
"Boarnsterhim","twee_onder_een_kap_woning",3200,2560,3840
"Bodegraven-Reeuwijk","twee_onder_een_kap_woning",4000,3200,4800
"Boekel","twee_onder_een_kap_woning",4200,3360,5040
"Ten Boer","twee_onder_een_kap_woning",3300,2640,3960
"Borger-Odoorn","twee_onder_een_kap_woning",3350,2680,4020
"Borne","twee_onder_een_kap_woning",3950,3160,4740
"Borsele","twee_onder_een_kap_woning",3400,2720,4080
"Boskoop","twee_onder_een_kap_woning",3950,3160,4740
"Boxmeer","twee_onder_een_kap_woning",3950,3160,4740
"Boxtel","twee_onder_een_kap_woning",4100,3280,4920
"Breda","twee_onder_een_kap_woning",4000,3200,4800
"Brielle","twee_onder_een_kap_woning",3950,3160,4740
"Bronckhorst","twee_onder_een_kap_woning",4050,3240,4860
"Brummen","twee_onder_een_kap_woning",3800,3040,4560
"Brunssum","twee_onder_een_kap_woning",3750,3000,4500
"Bunnik","twee_onder_een_kap_woning",3900,3120,4680
"Bunschoten","twee_onder_een_kap_woning",4500,3600,5400
"Buren","twee_onder_een_kap_woning",4050,3240,4860
"Bussum","twee_onder_een_kap_woning",4500,3600,5400
"Capelle aan den IJssel","twee_onder_een_kap_woning",4450,3560,5340
"Castricum","twee_onder_een_kap_woning",3800,3040,4560
"Coevorden","twee_onder_een_kap_woning",3650,2920,4380
"Cranendonck","twee_onder_een_kap_woning",4050,3240,4860
"Cromstrijen","twee_onder_een_kap_woning",4000,3200,4800
"Cuijk","twee_onder_een_kap_woning",3900,3120,4680
"Culemborg","twee_onder_een_kap_woning",4250,3400,5100
"Dalfsen","twee_onder_een_kap_woning",3850,3080,4620
"Dantumadiel","twee_onder_een_kap_woning",3050,2440,3660
"Delft","twee_onder_een_kap_woning",3900,3120,4680
"Delfzijl","twee_onder_een_kap_woning",3250,2600,3900
"Deurne","twee_onder_een_kap_woning",4050,3240,4860
"Deventer","twee_onder_een_kap_woning",3900,3120,4680
"Diemen","twee_onder_een_kap_woning",4850,3880,5820
"Dinkelland","twee_onder_een_kap_woning",4250,3400,5100
"Dirksland","twee_onder_een_kap_woning",3950,3160,4740
"Doesburg","twee_onder_een_kap_woning",3700,2960,4440
"Doetinchem","twee_onder_een_kap_woning",3900,3120,4680
"Dongen","twee_onder_een_kap_woning",3950,3160,4740
"Dongeradeel","twee_onder_een_kap_woning",2800,2240,3360
"Dordrecht","twee_onder_een_kap_woning",4000,3200,4800
"Drechterland","twee_onder_een_kap_woning",3850,3080,4620
"Drimmelen","twee_onder_een_kap_woning",3750,3000,4500
"Dronten","twee_onder_een_kap_woning",4050,3240,4860
"Druten","twee_onder_een_kap_woning",4200,3360,5040
"Duiven","twee_onder_een_kap_woning",4100,3280,4920
"Echt-Susteren","twee_onder_een_kap_woning",3850,3080,4620
"Edam-Volendam","twee_onder_een_kap_woning",3650,2920,4380
"Ede","twee_onder_een_kap_woning",3950,3160,4740
"Eemnes","twee_onder_een_kap_woning",4200,3360,5040
"Eemsmond","twee_onder_een_kap_woning",3000,2400,3600
"Eersel","twee_onder_een_kap_woning",4100,3280,4920
"Eijsden-Margraten","twee_onder_een_kap_woning",3900,3120,4680
"Eindhoven","twee_onder_een_kap_woning",4000,3200,4800
"Elburg","twee_onder_een_kap_woning",3900,3120,4680
"Emmen","twee_onder_een_kap_woning",3800,3040,4560
"Enkhuizen","twee_onder_een_kap_woning",3650,2920,4380
"Enschede","twee_onder_een_kap_woning",3700,2960,4440
"Epe","twee_onder_een_kap_woning",3900,3120,4680
"Ermelo","twee_onder_een_kap_woning",4000,3200,4800
"Etten-Leur","twee_onder_een_kap_woning",4500,3600,5400
"Ferwerderadiel","twee_onder_een_kap_woning",2850,2280,3420
"Franekeradeel","twee_onder_een_kap_woning",2950,2360,3540
"Gaasterlan-Sleat","twee_onder_een_kap_woning",3050,2440,3660
"Geertruidenberg","twee_onder_een_kap_woning",3850,3080,4620
"Geldermalsen","twee_onder_een_kap_woning",4000,3200,4800
"Geldrop-Mierlo","twee_onder_een_kap_woning",4050,3240,4860
"Gemert-Bakel","twee_onder_een_kap_woning",4150,3320,4980
"Gennep","twee_onder_een_kap_woning",3900,3120,4680
"Giessenlanden","twee_onder_een_kap_woning",3950,3160,4740
"Gilze en Rijen","twee_onder_een_kap_woning",3900,3120,4680
"Goedereede","twee_onder_een_kap_woning",3800,3040,4560
"Goes","twee_onder_een_kap_woning",3450,2760,4140
"Goirle","twee_onder_een_kap_woning",3800,3040,4560
"Gorinchem","twee_onder_een_kap_woning",4150,3320,4980
"Gouda","twee_onder_een_kap_woning",3900,3120,4680
"Graafstroom","twee_onder_een_kap_woning",3850,3080,4620
"Graft-De Rijp","twee_onder_een_kap_woning",3850,3080,4620
"Grave","twee_onder_een_kap_woning",3950,3160,4740
"'s-Gravenhage (gemeente)","twee_onder_een_kap_woning",4600,3680,5520
"Groesbeek","twee_onder_een_kap_woning",3950,3160,4740
"Groningen (gemeente)","twee_onder_een_kap_woning",3800,3040,4560
"Grootegast","twee_onder_een_kap_woning",3600,2880,4320
"Gulpen-Wittem","twee_onder_een_kap_woning",3750,3000,4500
"Haaksbergen","twee_onder_een_kap_woning",4100,3280,4920
"Haaren","twee_onder_een_kap_woning",3950,3160,4740
"Haarlem","twee_onder_een_kap_woning",3600,2880,4320
"Haarlemmerliede en Spaarnwoude","twee_onder_een_kap_woning",4150,3320,4980
"Haarlemmermeer","twee_onder_een_kap_woning",4400,3520,5280
"Halderberge","twee_onder_een_kap_woning",3850,3080,4620
"Hardenberg","twee_onder_een_kap_woning",4050,3240,4860
"Harderwijk","twee_onder_een_kap_woning",4050,3240,4860
"Hardinxveld-Giessendam","twee_onder_een_kap_woning",3800,3040,4560
"Haren","twee_onder_een_kap_woning",3650,2920,4380
"Harenkarspel","twee_onder_een_kap_woning",3900,3120,4680
"Harlingen","twee_onder_een_kap_woning",3350,2680,4020
"Hattem","twee_onder_een_kap_woning",3650,2920,4380
"Heemskerk","twee_onder_een_kap_woning",4050,3240,4860
"Heemstede","twee_onder_een_kap_woning",4400,3520,5280
"Heerde","twee_onder_een_kap_woning",3800,3040,4560
"Heerenveen","twee_onder_een_kap_woning",3250,2600,3900
"Heerhugowaard","twee_onder_een_kap_woning",4100,3280,4920
"Heerlen","twee_onder_een_kap_woning",3750,3000,4500
"Heeze-Leende","twee_onder_een_kap_woning",4100,3280,4920
"Heiloo","twee_onder_een_kap_woning",3750,3000,4500
"Den Helder","twee_onder_een_kap_woning",3750,3000,4500
"Hellendoorn","twee_onder_een_kap_woning",3900,3120,4680
"Hellevoetsluis","twee_onder_een_kap_woning",4400,3520,5280
"Helmond","twee_onder_een_kap_woning",4300,3440,5160
"Hendrik-Ido-Ambacht","twee_onder_een_kap_woning",4200,3360,5040
"Hengelo (O.)","twee_onder_een_kap_woning",3700,2960,4440
"'s-Hertogenbosch","twee_onder_een_kap_woning",4200,3360,5040
"Heumen","twee_onder_een_kap_woning",4100,3280,4920
"Heusden","twee_onder_een_kap_woning",4100,3280,4920
"Hillegom","twee_onder_een_kap_woning",4150,3320,4980
"Hilvarenbeek","twee_onder_een_kap_woning",3900,3120,4680
"Hilversum","twee_onder_een_kap_woning",4300,3440,5160
"Hof van Twente","twee_onder_een_kap_woning",4000,3200,4800
"Hollands Kroon","twee_onder_een_kap_woning",3800,3040,4560
"Hoogeveen","twee_onder_een_kap_woning",3750,3000,4500
"Hoogezand-Sappemeer","twee_onder_een_kap_woning",3550,2840,4260
"Hoorn","twee_onder_een_kap_woning",4100,3280,4920
"Horst aan de Maas","twee_onder_een_kap_woning",4000,3200,4800
"Houten","twee_onder_een_kap_woning",4350,3480,5220
"Huizen","twee_onder_een_kap_woning",4150,3320,4980
"Hulst","twee_onder_een_kap_woning",3200,2560,3840
"IJsselstein","twee_onder_een_kap_woning",4900,3920,5880
"Kaag en Braassem","twee_onder_een_kap_woning",4050,3240,4860
"Kampen","twee_onder_een_kap_woning",4050,3240,4860
"Kapelle","twee_onder_een_kap_woning",3300,2640,3960
"Katwijk","twee_onder_een_kap_woning",4300,3440,5160
"Kerkrade","twee_onder_een_kap_woning",3750,3000,4500
"Koggenland","twee_onder_een_kap_woning",3950,3160,4740
"Kollumerland en Nieuwkruisland","twee_onder_een_kap_woning",2900,2320,3480
"Korendijk","twee_onder_een_kap_woning",3850,3080,4620
"Krimpen aan den IJssel","twee_onder_een_kap_woning",3750,3000,4500
"Laarbeek","twee_onder_een_kap_woning",4000,3200,4800
"Landerd","twee_onder_een_kap_woning",4400,3520,5280
"Landgraaf","twee_onder_een_kap_woning",3700,2960,4440
"Landsmeer","twee_onder_een_kap_woning",4350,3480,5220
"Langedijk","twee_onder_een_kap_woning",3850,3080,4620
"Lansingerland","twee_onder_een_kap_woning",4400,3520,5280
"Laren (NH.)","twee_onder_een_kap_woning",4250,3400,5100
"Leek","twee_onder_een_kap_woning",3550,2840,4260
"Leerdam","twee_onder_een_kap_woning",4050,3240,4860
"Leeuwarden","twee_onder_een_kap_woning",3450,2760,4140
"Leeuwarderadeel","twee_onder_een_kap_woning",3150,2520,3780
"Leiden","twee_onder_een_kap_woning",4100,3280,4920
"Leiderdorp","twee_onder_een_kap_woning",4450,3560,5340
"Leidschendam-Voorburg","twee_onder_een_kap_woning",4400,3520,5280
"Lelystad","twee_onder_een_kap_woning",4250,3400,5100
"Lemsterland","twee_onder_een_kap_woning",3300,2640,3960
"Leudal","twee_onder_een_kap_woning",3900,3120,4680
"Leusden","twee_onder_een_kap_woning",4100,3280,4920
"Liesveld","twee_onder_een_kap_woning",3700,2960,4440
"Lingewaal","twee_onder_een_kap_woning",4100,3280,4920
"Lingewaard","twee_onder_een_kap_woning",4150,3320,4980
"Lisse","twee_onder_een_kap_woning",4150,3320,4980
"Littenseradiel","twee_onder_een_kap_woning",3050,2440,3660
"Lochem","twee_onder_een_kap_woning",3850,3080,4620
"Loon op Zand","twee_onder_een_kap_woning",4050,3240,4860
"Lopik","twee_onder_een_kap_woning",4250,3400,5100
"Loppersum","twee_onder_een_kap_woning",3000,2400,3600
"Losser","twee_onder_een_kap_woning",3950,3160,4740
"Maasdonk","twee_onder_een_kap_woning",4200,3360,5040
"Maasdriel","twee_onder_een_kap_woning",4200,3360,5040
"Maasgouw","twee_onder_een_kap_woning",3700,2960,4440
"Maassluis","twee_onder_een_kap_woning",4700,3760,5640
"Maastricht","twee_onder_een_kap_woning",3700,2960,4440
"De Marne","twee_onder_een_kap_woning",2900,2320,3480
"Marum","twee_onder_een_kap_woning",3500,2800,4200
"Medemblik","twee_onder_een_kap_woning",3800,3040,4560
"Meerssen","twee_onder_een_kap_woning",3900,3120,4680
"Menameradiel","twee_onder_een_kap_woning",2950,2360,3540
"Menterwolde","twee_onder_een_kap_woning",3250,2600,3900
"Meppel","twee_onder_een_kap_woning",3700,2960,4440
"Middelburg (Z.)","twee_onder_een_kap_woning",3450,2760,4140
"Middelharnis","twee_onder_een_kap_woning",3900,3120,4680
"Midden-Delfland","twee_onder_een_kap_woning",4250,3400,5100
"Midden-Drenthe","twee_onder_een_kap_woning",3650,2920,4380
"Mill en Sint Hubert","twee_onder_een_kap_woning",4150,3320,4980
"Millingen aan de Rijn","twee_onder_een_kap_woning",4050,3240,4860
"Moerdijk","twee_onder_een_kap_woning",3850,3080,4620
"Montferland","twee_onder_een_kap_woning",3950,3160,4740
"Montfoort","twee_onder_een_kap_woning",4400,3520,5280
"Mook en Middelaar","twee_onder_een_kap_woning",3950,3160,4740
"Muiden","twee_onder_een_kap_woning",4250,3400,5100
"Naarden","twee_onder_een_kap_woning",4750,3800,5700
"Neder-Betuwe","twee_onder_een_kap_woning",3950,3160,4740
"Nederlek","twee_onder_een_kap_woning",3800,3040,4560
"Nederweert","twee_onder_een_kap_woning",3900,3120,4680
"Neerijnen","twee_onder_een_kap_woning",4050,3240,4860
"Nieuwegein","twee_onder_een_kap_woning",4350,3480,5220
"Nieuwkoop","twee_onder_een_kap_woning",3900,3120,4680
"Nieuw-Lekkerland","twee_onder_een_kap_woning",3750,3000,4500
"Nijkerk","twee_onder_een_kap_woning",4050,3240,4860
"Nijmegen","twee_onder_een_kap_woning",3900,3120,4680
"Noord-Beveland","twee_onder_een_kap_woning",3050,2440,3660
"Noordenveld","twee_onder_een_kap_woning",3550,2840,4260
"Noordoostpolder","twee_onder_een_kap_woning",4050,3240,4860
"Noordwijk","twee_onder_een_kap_woning",4250,3400,5100
"Noordwijkerhout","twee_onder_een_kap_woning",4050,3240,4860
"Nuenen, Gerwen en Nederwetten","twee_onder_een_kap_woning",4200,3360,5040
"Nunspeet","twee_onder_een_kap_woning",4050,3240,4860
"Nuth","twee_onder_een_kap_woning",3850,3080,4620
"Oegstgeest","twee_onder_een_kap_woning",4600,3680,5520
"Oirschot","twee_onder_een_kap_woning",4300,3440,5160
"Oisterwijk","twee_onder_een_kap_woning",3950,3160,4740
"Oldambt","twee_onder_een_kap_woning",3300,2640,3960
"Oldebroek","twee_onder_een_kap_woning",4050,3240,4860
"Oldenzaal","twee_onder_een_kap_woning",4100,3280,4920
"Olst-Wijhe","twee_onder_een_kap_woning",3950,3160,4740
"Ommen","twee_onder_een_kap_woning",3950,3160,4740
"Onderbanken","twee_onder_een_kap_woning",3700,2960,4440
"Oost Gelre","twee_onder_een_kap_woning",4000,3200,4800
"Oosterhout","twee_onder_een_kap_woning",4150,3320,4980
"Oostflakkee","twee_onder_een_kap_woning",3800,3040,4560
"Ooststellingwerf","twee_onder_een_kap_woning",3300,2640,3960
"Oostzaan","twee_onder_een_kap_woning",3900,3120,4680
"Opmeer","twee_onder_een_kap_woning",3700,2960,4440
"Opsterland","twee_onder_een_kap_woning",3150,2520,3780
"Oss","twee_onder_een_kap_woning",4000,3200,4800
"Oud-Beijerland","twee_onder_een_kap_woning",4150,3320,4980
"Oude IJsselstreek","twee_onder_een_kap_woning",3800,3040,4560
"Ouder-Amstel","twee_onder_een_kap_woning",4500,3600,5400
"Ouderkerk","twee_onder_een_kap_woning",3850,3080,4620
"Oudewater","twee_onder_een_kap_woning",4050,3240,4860
"Overbetuwe","twee_onder_een_kap_woning",4000,3200,4800
"Papendrecht","twee_onder_een_kap_woning",4350,3480,5220
"Peel en Maas","twee_onder_een_kap_woning",4000,3200,4800
"Pekela","twee_onder_een_kap_woning",3350,2680,4020
"Pijnacker-Nootdorp","twee_onder_een_kap_woning",4300,3440,5160
"Purmerend","twee_onder_een_kap_woning",4300,3440,5160
"Putten","twee_onder_een_kap_woning",4000,3200,4800
"Raalte","twee_onder_een_kap_woning",3850,3080,4620
"Reimerswaal","twee_onder_een_kap_woning",3350,2680,4020
"Renkum","twee_onder_een_kap_woning",3650,2920,4380
"Renswoude","twee_onder_een_kap_woning",4350,3480,5220
"Reusel-De Mierden","twee_onder_een_kap_woning",4150,3320,4980
"Rheden","twee_onder_een_kap_woning",3500,2800,4200
"Rhenen","twee_onder_een_kap_woning",4050,3240,4860
"Ridderkerk","twee_onder_een_kap_woning",3950,3160,4740
"Rijnwaarden","twee_onder_een_kap_woning",3900,3120,4680
"Rijnwoude","twee_onder_een_kap_woning",3800,3040,4560
"Rijssen-Holten","twee_onder_een_kap_woning",3800,3040,4560
"Rijswijk (ZH.)","twee_onder_een_kap_woning",4600,3680,5520
"Roerdalen","twee_onder_een_kap_woning",3550,2840,4260
"Roermond","twee_onder_een_kap_woning",3750,3000,4500
"De Ronde Venen","twee_onder_een_kap_woning",4300,3440,5160
"Roosendaal","twee_onder_een_kap_woning",3700,2960,4440
"Rotterdam","twee_onder_een_kap_woning",4200,3360,5040
"Rozendaal","twee_onder_een_kap_woning",3950,3160,4740
"Rucphen","twee_onder_een_kap_woning",3950,3160,4740
"Schagen","twee_onder_een_kap_woning",4050,3240,4860
"Schermer","twee_onder_een_kap_woning",3900,3120,4680
"Scherpenzeel","twee_onder_een_kap_woning",4050,3240,4860
"Schiedam","twee_onder_een_kap_woning",4300,3440,5160
"Schiermonnikoog","twee_onder_een_kap_woning",3500,2800,4200
"Schijndel","twee_onder_een_kap_woning",4200,3360,5040
"Schinnen","twee_onder_een_kap_woning",3850,3080,4620
"Schoonhoven","twee_onder_een_kap_woning",4200,3360,5040
"Schouwen-Duiveland","twee_onder_een_kap_woning",3550,2840,4260
"Simpelveld","twee_onder_een_kap_woning",3650,2920,4380
"Sint Anthonis","twee_onder_een_kap_woning",3700,2960,4440
"Sint-Michielsgestel","twee_onder_een_kap_woning",4200,3360,5040
"Sint-Oedenrode","twee_onder_een_kap_woning",4500,3600,5400
"Sittard-Geleen","twee_onder_een_kap_woning",3750,3000,4500
"Skarsterlân","twee_onder_een_kap_woning",3300,2640,3960
"Sliedrecht","twee_onder_een_kap_woning",3700,2960,4440
"Slochteren","twee_onder_een_kap_woning",3500,2800,4200
"Sluis","twee_onder_een_kap_woning",2950,2360,3540
"Smallingerland","twee_onder_een_kap_woning",3300,2640,3960
"Soest","twee_onder_een_kap_woning",4350,3480,5220
"Someren","twee_onder_een_kap_woning",4300,3440,5160
"Son en Breugel","twee_onder_een_kap_woning",4200,3360,5040
"Spijkenisse","twee_onder_een_kap_woning",4300,3440,5160
"Stadskanaal","twee_onder_een_kap_woning",3550,2840,4260
"Staphorst","twee_onder_een_kap_woning",4150,3320,4980
"Stede Broec","twee_onder_een_kap_woning",3750,3000,4500
"Steenbergen","twee_onder_een_kap_woning",3900,3120,4680
"Steenwijkerland","twee_onder_een_kap_woning",3600,2880,4320
"Stein (L.)","twee_onder_een_kap_woning",3900,3120,4680
"Stichtse Vecht","twee_onder_een_kap_woning",4300,3440,5160
"Strijen","twee_onder_een_kap_woning",3750,3000,4500
"Sudwest-Fryslan","twee_onder_een_kap_woning",3150,2520,3780
"Terneuzen","twee_onder_een_kap_woning",3250,2600,3900
"Terschelling","twee_onder_een_kap_woning",3300,2640,3960
"Texel","twee_onder_een_kap_woning",3500,2800,4200
"Teylingen","twee_onder_een_kap_woning",4300,3440,5160
"Tholen","twee_onder_een_kap_woning",3750,3000,4500
"Tiel","twee_onder_een_kap_woning",4100,3280,4920
"Tilburg","twee_onder_een_kap_woning",4100,3280,4920
"Tubbergen","twee_onder_een_kap_woning",4550,3640,5460
"Twenterand","twee_onder_een_kap_woning",4000,3200,4800
"Tynaarlo","twee_onder_een_kap_woning",3600,2880,4320
"Tytsjerksteradiel","twee_onder_een_kap_woning",3300,2640,3960
"Ubbergen","twee_onder_een_kap_woning",3850,3080,4620
"Uden","twee_onder_een_kap_woning",4350,3480,5220
"Uitgeest","twee_onder_een_kap_woning",3850,3080,4620
"Uithoorn","twee_onder_een_kap_woning",4550,3640,5460
"Urk","twee_onder_een_kap_woning",4600,3680,5520
"Utrecht (gemeente)","twee_onder_een_kap_woning",4150,3320,4980
"Utrechtse Heuvelrug","twee_onder_een_kap_woning",4050,3240,4860
"Vaals","twee_onder_een_kap_woning",3700,2960,4440
"Valkenburg aan de Geul","twee_onder_een_kap_woning",3750,3000,4500
"Valkenswaard","twee_onder_een_kap_woning",4000,3200,4800
"Veendam","twee_onder_een_kap_woning",3500,2800,4200
"Veenendaal","twee_onder_een_kap_woning",4100,3280,4920
"Veere","twee_onder_een_kap_woning",3250,2600,3900
"Veghel","twee_onder_een_kap_woning",4350,3480,5220
"Veldhoven","twee_onder_een_kap_woning",4300,3440,5160
"Velsen","twee_onder_een_kap_woning",4000,3200,4800
"Venlo","twee_onder_een_kap_woning",4000,3200,4800
"Venray","twee_onder_een_kap_woning",4100,3280,4920
"Vianen","twee_onder_een_kap_woning",4100,3280,4920
"Vlaardingen","twee_onder_een_kap_woning",4100,3280,4920
"Vlagtwedde","twee_onder_een_kap_woning",3400,2720,4080
"Vlieland","twee_onder_een_kap_woning",3400,2720,4080
"Vlissingen","twee_onder_een_kap_woning",3350,2680,4020
"Vlist","twee_onder_een_kap_woning",3850,3080,4620
"Voerendaal","twee_onder_een_kap_woning",3700,2960,4440
"Voorschoten","twee_onder_een_kap_woning",4250,3400,5100
"Voorst","twee_onder_een_kap_woning",3950,3160,4740
"Vught","twee_onder_een_kap_woning",4200,3360,5040
"Waalre","twee_onder_een_kap_woning",4100,3280,4920
"Waalwijk","twee_onder_een_kap_woning",4050,3240,4860
"Waddinxveen","twee_onder_een_kap_woning",4050,3240,4860
"Wageningen","twee_onder_een_kap_woning",3550,2840,4260
"Wassenaar","twee_onder_een_kap_woning",4850,3880,5820
"Waterland","twee_onder_een_kap_woning",3800,3040,4560
"Weert","twee_onder_een_kap_woning",3900,3120,4680
"Weesp","twee_onder_een_kap_woning",3900,3120,4680
"Werkendam","twee_onder_een_kap_woning",3900,3120,4680
"West Maas en Waal","twee_onder_een_kap_woning",4000,3200,4800
"Westerveld","twee_onder_een_kap_woning",3600,2880,4320
"Westervoort","twee_onder_een_kap_woning",4000,3200,4800
"Westland","twee_onder_een_kap_woning",4550,3640,5460
"Weststellingwerf","twee_onder_een_kap_woning",3200,2560,3840
"Westvoorne","twee_onder_een_kap_woning",3950,3160,4740
"Wierden","twee_onder_een_kap_woning",4000,3200,4800
"Wijchen","twee_onder_een_kap_woning",4100,3280,4920
"Wijdemeren","twee_onder_een_kap_woning",4150,3320,4980
"Wijk bij Duurstede","twee_onder_een_kap_woning",4150,3320,4980
"Winsum","twee_onder_een_kap_woning",3200,2560,3840
"Winterswijk","twee_onder_een_kap_woning",4000,3200,4800
"Woensdrecht","twee_onder_een_kap_woning",3950,3160,4740
"Woerden","twee_onder_een_kap_woning",4150,3320,4980
"De Wolden","twee_onder_een_kap_woning",3850,3080,4620
"Wormerland","twee_onder_een_kap_woning",3700,2960,4440
"Woudenberg","twee_onder_een_kap_woning",4150,3320,4980
"Woudrichem","twee_onder_een_kap_woning",3950,3160,4740
"Zaanstad","twee_onder_een_kap_woning",3500,2800,4200
"Zaltbommel","twee_onder_een_kap_woning",4000,3200,4800
"Zandvoort","twee_onder_een_kap_woning",4150,3320,4980
"Zederik","twee_onder_een_kap_woning",3850,3080,4620
"Zeevang","twee_onder_een_kap_woning",3850,3080,4620
"Zeewolde","twee_onder_een_kap_woning",4600,3680,5520
"Zeist","twee_onder_een_kap_woning",4400,3520,5280
"Zevenaar","twee_onder_een_kap_woning",3850,3080,4620
"Zijpe","twee_onder_een_kap_woning",3850,3080,4620
"Zoetermeer","twee_onder_een_kap_woning",4600,3680,5520
"Zoeterwoude","twee_onder_een_kap_woning",3900,3120,4680
"Zuidhorn","twee_onder_een_kap_woning",3350,2680,4020
"Zuidplas","twee_onder_een_kap_woning",4350,3480,5220
"Zundert","twee_onder_een_kap_woning",3850,3080,4620
"Zutphen","twee_onder_een_kap_woning",3800,3040,4560
"Zwartewaterland","twee_onder_een_kap_woning",4000,3200,4800
"Zwijndrecht","twee_onder_een_kap_woning",4200,3360,5040
"Zwolle","twee_onder_een_kap_woning",3850,3080,4620
"Aa en Hunze","vrijstaande_woning",4200,3360,5040
"Aalburg","vrijstaande_woning",4900,3920,5880
"Aalsmeer","vrijstaande_woning",4800,3840,5760
"Aalten","vrijstaande_woning",4300,3440,5160
"Achtkarspelen","vrijstaande_woning",3650,2920,4380
"Alblasserdam","vrijstaande_woning",4750,3800,5700
"Albrandswaard","vrijstaande_woning",4900,3920,5880
"Alkmaar","vrijstaande_woning",4300,3440,5160
"Almelo","vrijstaande_woning",4500,3600,5400
"Almere","vrijstaande_woning",5250,4200,6300
"Alphen aan den Rijn","vrijstaande_woning",5000,4000,6000
"Alphen-Chaam","vrijstaande_woning",4900,3920,5880
"Ameland","vrijstaande_woning",3900,3120,4680
"Amersfoort","vrijstaande_woning",5250,4200,6300
"Amstelveen","vrijstaande_woning",5300,4240,6360
"Amsterdam","vrijstaande_woning",4600,3680,5520
"Apeldoorn","vrijstaande_woning",4400,3520,5280
"Appingedam","vrijstaande_woning",3950,3160,4740
"Arnhem","vrijstaande_woning",4700,3760,5640
"Assen","vrijstaande_woning",4400,3520,5280
"Asten","vrijstaande_woning",5250,4200,6300
"Baarle-Nassau","vrijstaande_woning",4750,3800,5700
"Baarn","vrijstaande_woning",5050,4040,6060
"Barendrecht","vrijstaande_woning",5300,4240,6360
"Barneveld","vrijstaande_woning",5000,4000,6000
"Bedum","vrijstaande_woning",3800,3040,4560
"Beek (L.)","vrijstaande_woning",4600,3680,5520
"Beemster","vrijstaande_woning",4550,3640,5460
"Beesel","vrijstaande_woning",4650,3720,5580
"Bellingwedde","vrijstaande_woning",4050,3240,4860
"Bergambacht","vrijstaande_woning",4600,3680,5520
"Bergeijk","vrijstaande_woning",4850,3880,5820
"Bergen (L.)","vrijstaande_woning",4800,3840,5760
"Bergen (NH.)","vrijstaande_woning",4350,3480,5220
"Bergen op Zoom","vrijstaande_woning",4900,3920,5880
"Berkelland","vrijstaande_woning",4350,3480,5220
"Bernheze","vrijstaande_woning",4900,3920,5880
"Bernisse","vrijstaande_woning",4650,3720,5580
"Best","vrijstaande_woning",5250,4200,6300
"Beuningen","vrijstaande_woning",5050,4040,6060
"Beverwijk","vrijstaande_woning",4500,3600,5400
"het Bildt","vrijstaande_woning",3500,2800,4200
"De Bilt","vrijstaande_woning",5250,4200,6300
"Binnenmaas","vrijstaande_woning",4650,3720,5580
"Bladel","vrijstaande_woning",4750,3800,5700
"Blaricum","vrijstaande_woning",5550,4440,6660
"Bloemendaal","vrijstaande_woning",5650,4520,6780
"Boarnsterhim","vrijstaande_woning",3800,3040,4560
"Bodegraven-Reeuwijk","vrijstaande_woning",4700,3760,5640
"Boekel","vrijstaande_woning",4850,3880,5820
"Ten Boer","vrijstaande_woning",3950,3160,4740
"Borger-Odoorn","vrijstaande_woning",4250,3400,5100
"Borne","vrijstaande_woning",4800,3840,5760
"Borsele","vrijstaande_woning",3850,3080,4620
"Boskoop","vrijstaande_woning",4500,3600,5400
"Boxmeer","vrijstaande_woning",4800,3840,5760
"Boxtel","vrijstaande_woning",4900,3920,5880
"Breda","vrijstaande_woning",5000,4000,6000
"Brielle","vrijstaande_woning",4850,3880,5820
"Bronckhorst","vrijstaande_woning",4550,3640,5460
"Brummen","vrijstaande_woning",4500,3600,5400
"Brunssum","vrijstaande_woning",4600,3680,5520
"Bunnik","vrijstaande_woning",4850,3880,5820
"Bunschoten","vrijstaande_woning",5450,4360,6540
"Buren","vrijstaande_woning",4800,3840,5760
"Bussum","vrijstaande_woning",5500,4400,6600
"Capelle aan den IJssel","vrijstaande_woning",5350,4280,6420
"Castricum","vrijstaande_woning",4450,3560,5340
"Coevorden","vrijstaande_woning",4350,3480,5220
"Cranendonck","vrijstaande_woning",4800,3840,5760
"Cromstrijen","vrijstaande_woning",4500,3600,5400
"Cuijk","vrijstaande_woning",4800,3840,5760
"Culemborg","vrijstaande_woning",4750,3800,5700
"Dalfsen","vrijstaande_woning",4350,3480,5220
"Dantumadiel","vrijstaande_woning",3550,2840,4260
"Delft","vrijstaande_woning",4450,3560,5340
"Delfzijl","vrijstaande_woning",3900,3120,4680
"Deurne","vrijstaande_woning",4900,3920,5880
"Deventer","vrijstaande_woning",4750,3800,5700
"Diemen","vrijstaande_woning",5000,4000,6000
"Dinkelland","vrijstaande_woning",4800,3840,5760
"Dirksland","vrijstaande_woning",4400,3520,5280
"Doesburg","vrijstaande_woning",4550,3640,5460
"Doetinchem","vrijstaande_woning",4700,3760,5640
"Dongen","vrijstaande_woning",4650,3720,5580
"Dongeradeel","vrijstaande_woning",3500,2800,4200
"Dordrecht","vrijstaande_woning",4800,3840,5760
"Drechterland","vrijstaande_woning",4450,3560,5340
"Drimmelen","vrijstaande_woning",4550,3640,5460
"Dronten","vrijstaande_woning",4650,3720,5580
"Druten","vrijstaande_woning",4750,3800,5700
"Duiven","vrijstaande_woning",4750,3800,5700
"Echt-Susteren","vrijstaande_woning",4550,3640,5460
"Edam-Volendam","vrijstaande_woning",4300,3440,5160
"Ede","vrijstaande_woning",4750,3800,5700
"Eemnes","vrijstaande_woning",5000,4000,6000
"Eemsmond","vrijstaande_woning",3800,3040,4560
"Eersel","vrijstaande_woning",4750,3800,5700
"Eijsden-Margraten","vrijstaande_woning",4550,3640,5460
"Eindhoven","vrijstaande_woning",5250,4200,6300
"Elburg","vrijstaande_woning",4400,3520,5280
"Emmen","vrijstaande_woning",4400,3520,5280
"Enkhuizen","vrijstaande_woning",4400,3520,5280
"Enschede","vrijstaande_woning",4850,3880,5820
"Epe","vrijstaande_woning",4450,3560,5340
"Ermelo","vrijstaande_woning",4650,3720,5580
"Etten-Leur","vrijstaande_woning",5050,4040,6060
"Ferwerderadiel","vrijstaande_woning",3450,2760,4140
"Franekeradeel","vrijstaande_woning",3650,2920,4380
"Gaasterlan-Sleat","vrijstaande_woning",3700,2960,4440
"Geertruidenberg","vrijstaande_woning",4750,3800,5700
"Geldermalsen","vrijstaande_woning",4750,3800,5700
"Geldrop-Mierlo","vrijstaande_woning",4950,3960,5940
"Gemert-Bakel","vrijstaande_woning",4850,3880,5820
"Gennep","vrijstaande_woning",4550,3640,5460
"Giessenlanden","vrijstaande_woning",4700,3760,5640
"Gilze en Rijen","vrijstaande_woning",4900,3920,5880
"Goedereede","vrijstaande_woning",4450,3560,5340
"Goes","vrijstaande_woning",4100,3280,4920
"Goirle","vrijstaande_woning",4950,3960,5940
"Gorinchem","vrijstaande_woning",4900,3920,5880
"Gouda","vrijstaande_woning",4950,3960,5940
"Graafstroom","vrijstaande_woning",4600,3680,5520
"Graft-De Rijp","vrijstaande_woning",4200,3360,5040
"Grave","vrijstaande_woning",4900,3920,5880
"'s-Gravenhage (gemeente)","vrijstaande_woning",5200,4160,6240
"Groesbeek","vrijstaande_woning",4600,3680,5520
"Groningen (gemeente)","vrijstaande_woning",4400,3520,5280
"Grootegast","vrijstaande_woning",4050,3240,4860
"Gulpen-Wittem","vrijstaande_woning",4250,3400,5100
"Haaksbergen","vrijstaande_woning",4700,3760,5640
"Haaren","vrijstaande_woning",4850,3880,5820
"Haarlem","vrijstaande_woning",4100,3280,4920
"Haarlemmerliede en Spaarnwoude","vrijstaande_woning",4600,3680,5520
"Haarlemmermeer","vrijstaande_woning",5100,4080,6120
"Halderberge","vrijstaande_woning",4650,3720,5580
"Hardenberg","vrijstaande_woning",4600,3680,5520
"Harderwijk","vrijstaande_woning",4900,3920,5880
"Hardinxveld-Giessendam","vrijstaande_woning",4250,3400,5100
"Haren","vrijstaande_woning",4750,3800,5700
"Harenkarspel","vrijstaande_woning",4450,3560,5340
"Harlingen","vrijstaande_woning",3900,3120,4680
"Hattem","vrijstaande_woning",4250,3400,5100
"Heemskerk","vrijstaande_woning",4700,3760,5640
"Heemstede","vrijstaande_woning",5250,4200,6300
"Heerde","vrijstaande_woning",4300,3440,5160
"Heerenveen","vrijstaande_woning",4000,3200,4800
"Heerhugowaard","vrijstaande_woning",4700,3760,5640
"Heerlen","vrijstaande_woning",4600,3680,5520
"Heeze-Leende","vrijstaande_woning",4700,3760,5640
"Heiloo","vrijstaande_woning",4200,3360,5040
"Den Helder","vrijstaande_woning",4400,3520,5280
"Hellendoorn","vrijstaande_woning",4400,3520,5280
"Hellevoetsluis","vrijstaande_woning",5050,4040,6060
"Helmond","vrijstaande_woning",5250,4200,6300
"Hendrik-Ido-Ambacht","vrijstaande_woning",5150,4120,6180
"Hengelo (O.)","vrijstaande_woning",4600,3680,5520
"'s-Hertogenbosch","vrijstaande_woning",5150,4120,6180
"Heumen","vrijstaande_woning",4750,3800,5700
"Heusden","vrijstaande_woning",5000,4000,6000
"Hillegom","vrijstaande_woning",4850,3880,5820
"Hilvarenbeek","vrijstaande_woning",4950,3960,5940
"Hilversum","vrijstaande_woning",5400,4320,6480
"Hof van Twente","vrijstaande_woning",4700,3760,5640
"Hollands Kroon","vrijstaande_woning",4400,3520,5280
"Hoogeveen","vrijstaande_woning",4300,3440,5160
"Hoogezand-Sappemeer","vrijstaande_woning",4200,3360,5040
"Hoorn","vrijstaande_woning",4750,3800,5700
"Horst aan de Maas","vrijstaande_woning",5000,4000,6000
"Houten","vrijstaande_woning",5150,4120,6180
"Huizen","vrijstaande_woning",5400,4320,6480
"Hulst","vrijstaande_woning",3650,2920,4380
"IJsselstein","vrijstaande_woning",5100,4080,6120
"Kaag en Braassem","vrijstaande_woning",4700,3760,5640
"Kampen","vrijstaande_woning",4500,3600,5400
"Kapelle","vrijstaande_woning",4000,3200,4800
"Katwijk","vrijstaande_woning",5100,4080,6120
"Kerkrade","vrijstaande_woning",4550,3640,5460
"Koggenland","vrijstaande_woning",4550,3640,5460
"Kollumerland en Nieuwkruisland","vrijstaande_woning",3550,2840,4260
"Korendijk","vrijstaande_woning",4550,3640,5460
"Krimpen aan den IJssel","vrijstaande_woning",4650,3720,5580
"Laarbeek","vrijstaande_woning",5000,4000,6000
"Landerd","vrijstaande_woning",5050,4040,6060
"Landgraaf","vrijstaande_woning",4600,3680,5520
"Landsmeer","vrijstaande_woning",4750,3800,5700
"Langedijk","vrijstaande_woning",4400,3520,5280
"Lansingerland","vrijstaande_woning",5300,4240,6360
"Laren (NH.)","vrijstaande_woning",5600,4480,6720
"Leek","vrijstaande_woning",4300,3440,5160
"Leerdam","vrijstaande_woning",4600,3680,5520
"Leeuwarden","vrijstaande_woning",4050,3240,4860
"Leeuwarderadeel","vrijstaande_woning",3650,2920,4380
"Leiden","vrijstaande_woning",4450,3560,5340
"Leiderdorp","vrijstaande_woning",5250,4200,6300
"Leidschendam-Voorburg","vrijstaande_woning",4800,3840,5760
"Lelystad","vrijstaande_woning",5050,4040,6060
"Lemsterland","vrijstaande_woning",3800,3040,4560
"Leudal","vrijstaande_woning",4800,3840,5760
"Leusden","vrijstaande_woning",5050,4040,6060
"Liesveld","vrijstaande_woning",4400,3520,5280
"Lingewaal","vrijstaande_woning",4750,3800,5700
"Lingewaard","vrijstaande_woning",4800,3840,5760
"Lisse","vrijstaande_woning",4900,3920,5880
"Littenseradiel","vrijstaande_woning",3700,2960,4440
"Lochem","vrijstaande_woning",4550,3640,5460
"Loon op Zand","vrijstaande_woning",5100,4080,6120
"Lopik","vrijstaande_woning",4900,3920,5880
"Loppersum","vrijstaande_woning",3800,3040,4560
"Losser","vrijstaande_woning",4700,3760,5640
"Maasdonk","vrijstaande_woning",5000,4000,6000
"Maasdriel","vrijstaande_woning",4850,3880,5820
"Maasgouw","vrijstaande_woning",4650,3720,5580
"Maassluis","vrijstaande_woning",4250,3400,5100
"Maastricht","vrijstaande_woning",4900,3920,5880
"De Marne","vrijstaande_woning",3550,2840,4260
"Marum","vrijstaande_woning",4100,3280,4920
"Medemblik","vrijstaande_woning",4400,3520,5280
"Meerssen","vrijstaande_woning",4700,3760,5640
"Menameradiel","vrijstaande_woning",3750,3000,4500
"Menterwolde","vrijstaande_woning",4100,3280,4920
"Meppel","vrijstaande_woning",4300,3440,5160
"Middelburg (Z.)","vrijstaande_woning",3900,3120,4680
"Middelharnis","vrijstaande_woning",4500,3600,5400
"Midden-Delfland","vrijstaande_woning",4750,3800,5700
"Midden-Drenthe","vrijstaande_woning",4350,3480,5220
"Mill en Sint Hubert","vrijstaande_woning",4950,3960,5940
"Millingen aan de Rijn","vrijstaande_woning",4450,3560,5340
"Moerdijk","vrijstaande_woning",4800,3840,5760
"Montferland","vrijstaande_woning",4600,3680,5520
"Montfoort","vrijstaande_woning",4950,3960,5940
"Mook en Middelaar","vrijstaande_woning",4750,3800,5700
"Muiden","vrijstaande_woning",4500,3600,5400
"Naarden","vrijstaande_woning",5550,4440,6660
"Neder-Betuwe","vrijstaande_woning",5000,4000,6000
"Nederlek","vrijstaande_woning",4450,3560,5340
"Nederweert","vrijstaande_woning",5050,4040,6060
"Neerijnen","vrijstaande_woning",4750,3800,5700
"Nieuwegein","vrijstaande_woning",5000,4000,6000
"Nieuwkoop","vrijstaande_woning",4700,3760,5640
"Nieuw-Lekkerland","vrijstaande_woning",4500,3600,5400
"Nijkerk","vrijstaande_woning",4950,3960,5940
"Nijmegen","vrijstaande_woning",4900,3920,5880
"Noord-Beveland","vrijstaande_woning",3250,2600,3900
"Noordenveld","vrijstaande_woning",3950,3160,4740
"Noordoostpolder","vrijstaande_woning",4800,3840,5760
"Noordwijk","vrijstaande_woning",5000,4000,6000
"Noordwijkerhout","vrijstaande_woning",4800,3840,5760
"Nuenen, Gerwen en Nederwetten","vrijstaande_woning",5000,4000,6000
"Nunspeet","vrijstaande_woning",4400,3520,5280
"Nuth","vrijstaande_woning",4650,3720,5580
"Oegstgeest","vrijstaande_woning",5400,4320,6480
"Oirschot","vrijstaande_woning",5050,4040,6060
"Oisterwijk","vrijstaande_woning",5050,4040,6060
"Oldambt","vrijstaande_woning",4000,3200,4800
"Oldebroek","vrijstaande_woning",4400,3520,5280
"Oldenzaal","vrijstaande_woning",4700,3760,5640
"Olst-Wijhe","vrijstaande_woning",4500,3600,5400
"Ommen","vrijstaande_woning",4250,3400,5100
"Onderbanken","vrijstaande_woning",4600,3680,5520
"Oost Gelre","vrijstaande_woning",4550,3640,5460
"Oosterhout","vrijstaande_woning",5000,4000,6000
"Oostflakkee","vrijstaande_woning",4450,3560,5340
"Ooststellingwerf","vrijstaande_woning",3850,3080,4620
"Oostzaan","vrijstaande_woning",4550,3640,5460
"Opmeer","vrijstaande_woning",4550,3640,5460
"Opsterland","vrijstaande_woning",3850,3080,4620
"Oss","vrijstaande_woning",4900,3920,5880
"Oud-Beijerland","vrijstaande_woning",4600,3680,5520
"Oude IJsselstreek","vrijstaande_woning",4400,3520,5280
"Ouder-Amstel","vrijstaande_woning",5950,4760,7140
"Ouderkerk","vrijstaande_woning",4400,3520,5280
"Oudewater","vrijstaande_woning",4900,3920,5880
"Overbetuwe","vrijstaande_woning",4750,3800,5700
"Papendrecht","vrijstaande_woning",4800,3840,5760
"Peel en Maas","vrijstaande_woning",5000,4000,6000
"Pekela","vrijstaande_woning",4050,3240,4860
"Pijnacker-Nootdorp","vrijstaande_woning",4900,3920,5880
"Purmerend","vrijstaande_woning",4900,3920,5880
"Putten","vrijstaande_woning",4650,3720,5580
"Raalte","vrijstaande_woning",4400,3520,5280
"Reimerswaal","vrijstaande_woning",4000,3200,4800
"Renkum","vrijstaande_woning",4650,3720,5580
"Renswoude","vrijstaande_woning",4950,3960,5940
"Reusel-De Mierden","vrijstaande_woning",4900,3920,5880
"Rheden","vrijstaande_woning",4550,3640,5460
"Rhenen","vrijstaande_woning",4800,3840,5760
"Ridderkerk","vrijstaande_woning",4650,3720,5580
"Rijnwaarden","vrijstaande_woning",4500,3600,5400
"Rijnwoude","vrijstaande_woning",4700,3760,5640
"Rijssen-Holten","vrijstaande_woning",4500,3600,5400
"Rijswijk (ZH.)","vrijstaande_woning",5100,4080,6120
"Roerdalen","vrijstaande_woning",4450,3560,5340
"Roermond","vrijstaande_woning",4600,3680,5520
"De Ronde Venen","vrijstaande_woning",5050,4040,6060
"Roosendaal","vrijstaande_woning",4650,3720,5580
"Rotterdam","vrijstaande_woning",5150,4120,6180
"Rozendaal","vrijstaande_woning",5550,4440,6660
"Rucphen","vrijstaande_woning",4750,3800,5700
"Schagen","vrijstaande_woning",4350,3480,5220
"Schermer","vrijstaande_woning",4400,3520,5280
"Scherpenzeel","vrijstaande_woning",4450,3560,5340
"Schiedam","vrijstaande_woning",4750,3800,5700
"Schiermonnikoog","vrijstaande_woning",3100,2480,3720
"Schijndel","vrijstaande_woning",5000,4000,6000
"Schinnen","vrijstaande_woning",4600,3680,5520
"Schoonhoven","vrijstaande_woning",4600,3680,5520
"Schouwen-Duiveland","vrijstaande_woning",3900,3120,4680
"Simpelveld","vrijstaande_woning",4250,3400,5100
"Sint Anthonis","vrijstaande_woning",4850,3880,5820
"Sint-Michielsgestel","vrijstaande_woning",4850,3880,5820
"Sint-Oedenrode","vrijstaande_woning",5150,4120,6180
"Sittard-Geleen","vrijstaande_woning",4650,3720,5580
"Skarsterlân","vrijstaande_woning",3800,3040,4560
"Sliedrecht","vrijstaande_woning",4350,3480,5220
"Slochteren","vrijstaande_woning",4200,3360,5040
"Sluis","vrijstaande_woning",3350,2680,4020
"Smallingerland","vrijstaande_woning",3900,3120,4680
"Soest","vrijstaande_woning",5000,4000,6000
"Someren","vrijstaande_woning",5200,4160,6240
"Son en Breugel","vrijstaande_woning",5300,4240,6360
"Spijkenisse","vrijstaande_woning",5100,4080,6120
"Stadskanaal","vrijstaande_woning",4100,3280,4920
"Staphorst","vrijstaande_woning",4450,3560,5340
"Stede Broec","vrijstaande_woning",4250,3400,5100
"Steenbergen","vrijstaande_woning",4700,3760,5640
"Steenwijkerland","vrijstaande_woning",4100,3280,4920
"Stein (L.)","vrijstaande_woning",4400,3520,5280
"Stichtse Vecht","vrijstaande_woning",4950,3960,5940
"Strijen","vrijstaande_woning",4500,3600,5400
"Sudwest-Fryslan","vrijstaande_woning",3600,2880,4320
"Terneuzen","vrijstaande_woning",3650,2920,4380
"Terschelling","vrijstaande_woning",3750,3000,4500
"Texel","vrijstaande_woning",4050,3240,4860
"Teylingen","vrijstaande_woning",5200,4160,6240
"Tholen","vrijstaande_woning",4350,3480,5220
"Tiel","vrijstaande_woning",4800,3840,5760
"Tilburg","vrijstaande_woning",5100,4080,6120
"Tubbergen","vrijstaande_woning",4950,3960,5940
"Twenterand","vrijstaande_woning",4450,3560,5340
"Tynaarlo","vrijstaande_woning",4200,3360,5040
"Tytsjerksteradiel","vrijstaande_woning",3600,2880,4320
"Ubbergen","vrijstaande_woning",4700,3760,5640
"Uden","vrijstaande_woning",5200,4160,6240
"Uitgeest","vrijstaande_woning",4400,3520,5280
"Uithoorn","vrijstaande_woning",5000,4000,6000
"Urk","vrijstaande_woning",4700,3760,5640
"Utrecht (gemeente)","vrijstaande_woning",4950,3960,5940
"Utrechtse Heuvelrug","vrijstaande_woning",4950,3960,5940
"Vaals","vrijstaande_woning",4300,3440,5160
"Valkenburg aan de Geul","vrijstaande_woning",4450,3560,5340
"Valkenswaard","vrijstaande_woning",5050,4040,6060
"Veendam","vrijstaande_woning",4050,3240,4860
"Veenendaal","vrijstaande_woning",5000,4000,6000
"Veere","vrijstaande_woning",3600,2880,4320
"Veghel","vrijstaande_woning",5050,4040,6060
"Veldhoven","vrijstaande_woning",4850,3880,5820
"Velsen","vrijstaande_woning",4650,3720,5580
"Venlo","vrijstaande_woning",5000,4000,6000
"Venray","vrijstaande_woning",5050,4040,6060
"Vianen","vrijstaande_woning",4700,3760,5640
"Vlaardingen","vrijstaande_woning",4800,3840,5760
"Vlagtwedde","vrijstaande_woning",4000,3200,4800
"Vlieland","vrijstaande_woning",3900,3120,4680
"Vlissingen","vrijstaande_woning",3950,3160,4740
"Vlist","vrijstaande_woning",4600,3680,5520
"Voerendaal","vrijstaande_woning",4450,3560,5340
"Voorschoten","vrijstaande_woning",5200,4160,6240
"Voorst","vrijstaande_woning",4700,3760,5640
"Vught","vrijstaande_woning",5100,4080,6120
"Waalre","vrijstaande_woning",5250,4200,6300
"Waalwijk","vrijstaande_woning",4800,3840,5760
"Waddinxveen","vrijstaande_woning",4700,3760,5640
"Wageningen","vrijstaande_woning",4400,3520,5280
"Wassenaar","vrijstaande_woning",5700,4560,6840
"Waterland","vrijstaande_woning",4400,3520,5280
"Weert","vrijstaande_woning",4700,3760,5640
"Weesp","vrijstaande_woning",4400,3520,5280
"Werkendam","vrijstaande_woning",4600,3680,5520
"West Maas en Waal","vrijstaande_woning",4700,3760,5640
"Westerveld","vrijstaande_woning",4100,3280,4920
"Westervoort","vrijstaande_woning",4600,3680,5520
"Westland","vrijstaande_woning",5150,4120,6180
"Weststellingwerf","vrijstaande_woning",3900,3120,4680
"Westvoorne","vrijstaande_woning",4800,3840,5760
"Wierden","vrijstaande_woning",4850,3880,5820
"Wijchen","vrijstaande_woning",4800,3840,5760
"Wijdemeren","vrijstaande_woning",5100,4080,6120
"Wijk bij Duurstede","vrijstaande_woning",5100,4080,6120
"Winsum","vrijstaande_woning",3750,3000,4500
"Winterswijk","vrijstaande_woning",4500,3600,5400
"Woensdrecht","vrijstaande_woning",4600,3680,5520
"Woerden","vrijstaande_woning",5000,4000,6000
"De Wolden","vrijstaande_woning",4350,3480,5220
"Wormerland","vrijstaande_woning",4450,3560,5340
"Woudenberg","vrijstaande_woning",5100,4080,6120
"Woudrichem","vrijstaande_woning",4750,3800,5700
"Zaanstad","vrijstaande_woning",4050,3240,4860
"Zaltbommel","vrijstaande_woning",4700,3760,5640
"Zandvoort","vrijstaande_woning",5300,4240,6360
"Zederik","vrijstaande_woning",4450,3560,5340
"Zeevang","vrijstaande_woning",4600,3680,5520
"Zeewolde","vrijstaande_woning",5150,4120,6180
"Zeist","vrijstaande_woning",5500,4400,6600
"Zevenaar","vrijstaande_woning",4550,3640,5460
"Zijpe","vrijstaande_woning",4200,3360,5040
"Zoetermeer","vrijstaande_woning",5050,4040,6060
"Zoeterwoude","vrijstaande_woning",4500,3600,5400
"Zuidhorn","vrijstaande_woning",3900,3120,4680
"Zuidplas","vrijstaande_woning",5050,4040,6060
"Zundert","vrijstaande_woning",4700,3760,5640
"Zutphen","vrijstaande_woning",4300,3440,5160
"Zwartewaterland","vrijstaande_woning",4400,3520,5280
"Zwijndrecht","vrijstaande_woning",4950,3960,5940
"Zwolle","vrijstaande_woning",4750,3800,5700
